timestamp,frame_id,EAR,MAR,blink_state,blink_count,blink_dur_avg,yawn_count,ear_confidence,landmarks_detected,drowsiness_score,system_state,PERCLOS,yawn_rate,nod_count,head_pitch,head_yaw,head_roll,gaze_h,gaze_v,distraction_flag,gaze_distraction,hand_detected,hand_count,object_in_hand,face_rejected,alert_fired,schedule_level
5.082,1,0.2232,0.3229,closed,0,0.0,0,0.2,True,0.0,ALERT,0.0,0.0,0,8.97,6.8,-179.17,0.625,0.687,False,False,False,0,False,False,True,RELAXED
5.162,2,0.2423,0.3314,open,1,0.08,0,0.2,True,0.0,ALERT,1.0,0.0,0,4.0,3.9,-107.41,0.592,0.643,False,False,False,0,False,False,False,ATTENTIVE
5.19,3,0.2384,0.3274,open,1,0.08,0,0.2,True,0.0,ALERT,0.8798,0.0,0,0.82,1.97,-64.62,0.563,0.597,False,False,False,0,False,False,False,ATTENTIVE
5.265,4,0.2396,0.3195,open,1,0.08,0,0.2,True,0.0,ALERT,0.6841,0.0,0,-0.84,1.32,-38.53,0.569,0.623,False,False,False,0,False,False,False,ATTENTIVE
5.328,5,0.235,0.3246,open,1,0.08,0,0.2,True,0.0,ALERT,0.5878,0.0,0,-2.48,0.44,-22.88,0.575,0.645,False,False,False,0,False,False,False,ATTENTIVE
5.369,6,0.2258,0.3391,closed,1,0.08,0,0.2,True,0.0,ALERT,0.5342,0.0,0,-3.49,-0.62,-13.47,0.564,0.666,False,False,False,0,False,False,False,ATTENTIVE
5.431,7,0.2382,0.3258,open,2,0.071,0,0.2,True,0.0,ALERT,0.5959,0.0,0,-4.02,-1.35,-7.91,0.563,0.665,False,False,False,0,False,False,False,ATTENTIVE
5.461,8,0.2449,0.327,open,2,0.071,0,0.2,True,0.0,ALERT,0.5593,0.0,0,-4.49,-1.53,-4.56,0.562,0.658,False,False,False,0,False,False,False,ATTENTIVE
5.488,9,0.245,0.3413,open,2,0.071,0,0.2,True,0.0,ALERT,0.5345,0.0,0,-4.43,-1.94,-2.45,0.579,0.597,False,False,False,0,False,False,False,ATTENTIVE
5.537,10,0.2546,0.347,open,2,0.071,0,0.2,True,0.0,ALERT,0.4913,0.0,0,-4.27,-1.94,-1.17,0.591,0.553,False,False,False,0,False,False,False,ATTENTIVE
5.567,11,0.252,0.361,open,2,0.071,0,0.2,True,0.0,ALERT,0.472,0.0,0,-4.01,-1.24,-0.53,0.611,0.463,False,False,False,0,False,False,False,ATTENTIVE
5.594,12,0.2511,0.3525,open,2,0.071,0,0.2,True,0.0,ALERT,0.4499,0.0,0,-3.65,-0.35,-0.32,0.62,0.457,False,False,False,0,False,False,False,ATTENTIVE
5.657,13,0.2489,0.3417,open,2,0.071,0,0.2,True,0.0,ALERT,0.4128,0.0,0,-2.9,-0.63,-0.21,0.617,0.507,False,False,False,0,False,False,False,ATTENTIVE
5.728,14,0.267,0.3443,open,2,0.071,0,0.2,True,0.0,ALERT,0.3794,0.0,0,-2.27,-1.17,0.01,0.618,0.494,False,False,False,0,False,False,False,ATTENTIVE
5.772,15,0.2629,0.3399,open,2,0.071,0,0.2,True,0.0,ALERT,0.3622,0.0,0,-1.69,-1.25,0.21,0.621,0.486,False,False,False,0,False,False,False,ATTENTIVE
5.834,16,0.2587,0.3452,open,2,0.071,0,0.2,True,0.0,ALERT,0.3327,0.0,0,-1.93,-0.89,0.01,0.613,0.542,False,False,False,0,False,False,False,ATTENTIVE
5.87,17,0.2554,0.3465,open,2,0.071,0,0.2,True,0.0,ALERT,0.3202,0.0,0,-2.41,-0.58,-0.2,0.606,0.579,False,False,False,0,False,False,False,ATTENTIVE
5.908,18,0.2492,0.3518,open,2,0.071,0,0.2,True,0.0,ALERT,0.3091,0.0,0,-3.32,-0.72,0.01,0.601,0.57,False,False,False,0,False,False,False,ATTENTIVE
5.97,19,0.2496,0.342,open,2,0.071,0,0.2,True,0.0,ALERT,0.2896,0.0,0,-4.69,-0.98,0.16,0.597,0.562,False,False,False,0,False,False,False,ATTENTIVE
5.996,20,0.2679,0.3325,open,2,0.071,0,0.2,True,0.0,ALERT,0.2815,0.0,0,-4.82,-0.32,0.43,0.584,0.634,False,False,False,0,False,False,False,ATTENTIVE
6.064,21,0.2559,0.3338,open,2,0.071,0,0.2,True,0.0,ALERT,0.2664,0.0,0,-4.97,-1.21,0.56,0.571,0.588,False,False,False,0,False,False,False,ATTENTIVE
6.133,22,0.2575,0.3324,open,2,0.071,0,0.2,True,0.0,ALERT,0.2512,0.0,0,-4.68,-1.74,0.66,0.562,0.559,False,False,False,0,False,False,False,ATTENTIVE
6.166,23,0.2399,0.3457,open,2,0.071,0,0.2,True,0.0,ALERT,0.2436,0.0,0,-4.81,-1.49,0.75,0.562,0.532,False,False,False,0,False,False,False,ATTENTIVE
6.197,24,0.2268,0.3407,closed,2,0.071,0,0.2,True,0.0,ALERT,0.2376,0.0,0,-5.49,-1.55,0.68,0.571,0.515,False,False,False,0,False,False,False,ATTENTIVE
6.252,25,0.261,0.3462,open,3,0.0657,0,0.2,True,0.0,ALERT,0.2687,0.0,0,-5.16,-0.89,0.34,0.598,0.515,False,False,False,0,False,False,False,ATTENTIVE
6.322,26,0.2658,0.3371,open,3,0.0657,0,0.2,True,0.0,ALERT,0.2559,0.0,0,-4.66,-0.08,0.01,0.597,0.566,False,False,False,0,False,False,False,ATTENTIVE
6.349,27,0.2722,0.346,open,3,0.0657,0,0.2,True,0.0,ALERT,0.2501,0.0,0,-3.98,0.14,-0.2,0.59,0.602,False,False,False,0,False,False,False,ATTENTIVE
6.414,28,0.2715,0.3344,open,3,0.0657,0,0.2,True,0.0,ALERT,0.2395,0.0,0,-3.94,0.5,-0.1,0.589,0.554,False,False,False,0,False,False,False,ATTENTIVE
6.454,29,0.2738,0.3292,open,3,0.0657,0,0.2,True,0.0,ALERT,0.234,0.0,0,-3.98,0.68,-0.13,0.584,0.515,False,False,False,0,False,False,False,ATTENTIVE
6.482,30,0.2769,0.3547,open,3,0.0657,0,0.2,True,0.0,ALERT,0.2288,0.0,0,-3.73,0.44,-0.29,0.581,0.557,False,False,False,0,False,False,False,ATTENTIVE
6.545,31,0.2756,0.3505,open,3,0.0657,0,0.2,True,0.0,ALERT,0.2201,0.0,0,-3.66,0.32,-0.39,0.579,0.589,False,False,False,0,False,False,False,ATTENTIVE
6.576,32,0.2651,0.3604,open,3,0.0657,0,0.2,True,0.0,ALERT,0.2157,0.0,0,-4.61,1.25,-0.1,0.587,0.57,False,False,False,0,False,False,False,ATTENTIVE
6.603,33,0.2608,0.3592,open,3,0.0657,0,0.2,True,0.0,ALERT,0.2124,0.0,0,-5.44,1.4,0.06,0.604,0.578,False,False,False,0,False,False,False,ATTENTIVE
6.677,34,0.2678,0.3326,open,3,0.0657,0,0.2,True,0.0,ALERT,0.204,0.0,0,-5.83,0.45,0.09,0.602,0.569,False,False,False,0,False,False,False,ATTENTIVE
6.712,35,0.2735,0.3435,open,3,0.0657,0,0.2,True,0.0,ALERT,0.1996,0.0,0,-5.93,0.44,0.08,0.604,0.549,False,False,False,0,False,False,False,ATTENTIVE
6.741,36,0.2746,0.3434,open,3,0.0657,0,0.2,True,0.0,ALERT,0.1963,0.0,0,-6.22,0.64,0.04,0.605,0.557,False,False,False,0,False,False,False,ATTENTIVE
6.816,37,0.2705,0.3536,open,3,0.0657,0,0.2,True,0.0,ALERT,0.1889,0.0,0,-5.54,0.47,-0.06,0.593,0.536,False,False,False,0,False,False,False,ATTENTIVE
6.853,38,0.271,0.3437,open,3,0.0657,0,0.2,True,0.0,ALERT,0.1855,0.0,0,-4.89,0.14,-0.12,0.587,0.526,False,False,False,0,False,False,False,ATTENTIVE
6.891,39,0.2619,0.3552,open,3,0.0657,0,0.2,True,0.0,ALERT,0.1816,0.0,0,-4.57,-0.13,0.06,0.609,0.5,False,False,False,0,False,False,False,ATTENTIVE
6.952,40,0.262,0.3538,open,3,0.0657,0,0.2,True,0.0,ALERT,0.1756,0.0,0,-4.79,-0.37,0.19,0.611,0.483,False,False,False,0,False,False,False,ATTENTIVE
6.982,41,0.265,0.3476,open,3,0.0657,0,0.2,True,0.0,ALERT,0.1732,0.0,0,-3.97,0.2,0.22,0.617,0.504,False,False,False,0,False,False,False,ATTENTIVE
7.058,42,0.2697,0.3414,open,3,0.0657,0,0.2,True,0.0,ALERT,0.1675,0.0,0,-4.4,-0.09,0.27,0.6,0.51,False,False,False,0,False,False,False,ATTENTIVE
7.136,43,0.2696,0.3296,open,3,0.0657,0,0.2,True,0.0,ALERT,0.1618,0.0,0,-4.91,-0.77,0.28,0.58,0.517,False,False,False,0,False,False,False,ATTENTIVE
7.176,44,0.2678,0.3482,open,3,0.0657,0,0.2,True,0.0,ALERT,0.1589,0.0,0,-4.73,-0.39,0.01,0.594,0.525,False,False,False,0,False,False,False,ATTENTIVE
7.209,45,0.2713,0.3455,open,3,0.0657,0,0.2,True,0.0,ALERT,0.1562,0.0,0,-4.46,0.0,-0.01,0.601,0.535,False,False,False,0,False,False,False,ATTENTIVE
7.265,46,0.2697,0.352,open,3,0.0657,0,0.2,True,0.0,ALERT,0.1523,0.0,0,-3.26,-1.63,-0.23,0.561,0.572,False,False,False,0,False,False,False,ATTENTIVE
7.329,47,0.2486,0.3547,open,3,0.0657,0,0.2,True,0.0,ALERT,0.1489,0.0,0,-3.4,-2.02,-0.06,0.562,0.546,False,False,False,0,False,False,False,ATTENTIVE
7.368,48,0.25,0.3621,open,3,0.0657,0,0.2,True,0.0,ALERT,0.1463,0.0,0,-3.73,-2.23,-0.01,0.549,0.538,False,False,False,0,False,False,False,ATTENTIVE
7.422,49,0.2689,0.3403,open,3,0.0657,0,0.2,True,0.0,ALERT,0.1428,0.0,0,-3.91,-2.63,0.02,0.529,0.54,False,False,False,0,False,False,False,ATTENTIVE
7.451,50,0.2691,0.3324,open,3,0.0657,0,0.2,True,0.0,ALERT,0.1411,0.0,0,-4.03,-3.01,0.05,0.51,0.544,False,False,False,0,False,False,False,ATTENTIVE
7.486,51,0.2761,0.349,open,3,0.0657,0,0.2,True,0.0,ALERT,0.1395,0.0,0,-3.09,-2.74,-0.08,0.514,0.601,False,False,False,0,False,False,False,ATTENTIVE
7.555,52,0.2744,0.3424,open,3,0.0657,0,0.2,True,0.0,ALERT,0.1359,0.0,0,-2.35,-2.24,-0.11,0.532,0.618,False,False,False,0,False,False,False,ATTENTIVE
7.587,53,0.2817,0.3579,open,3,0.0657,0,0.2,True,0.0,ALERT,0.134,0.0,0,-1.65,-2.7,0.09,0.527,0.605,False,False,False,0,False,False,False,ATTENTIVE
7.622,54,0.2768,0.3522,open,3,0.0657,0,0.2,True,0.0,ALERT,0.1324,0.0,0,-1.0,-2.73,0.09,0.536,0.572,False,False,False,0,False,False,False,ATTENTIVE
7.686,55,0.2785,0.3371,open,3,0.0657,0,0.2,True,0.0,ALERT,0.1292,0.0,0,0.26,-2.64,-0.02,0.521,0.6,False,False,False,0,False,False,False,ATTENTIVE
7.73,56,0.276,0.3367,open,3,0.0657,0,0.2,True,0.0,ALERT,0.1274,0.0,0,0.29,-2.45,0.16,0.52,0.645,False,False,False,0,False,False,False,ATTENTIVE
7.772,57,0.2753,0.3216,open,3,0.0657,0,0.2,True,0.0,ALERT,0.1256,0.0,0,-0.68,-2.23,0.45,0.518,0.666,False,False,False,0,False,False,False,ATTENTIVE
7.843,58,0.2728,0.3395,open,3,0.0657,0,0.2,True,0.0,ALERT,0.1225,0.0,0,-1.43,-1.68,0.39,0.522,0.622,False,False,False,0,False,False,False,ATTENTIVE
7.884,59,0.2796,0.3423,open,3,0.0657,0,0.2,True,0.0,ALERT,0.1208,0.0,0,-1.57,-1.54,0.36,0.517,0.592,False,False,False,0,False,False,False,ATTENTIVE
7.928,60,0.2796,0.3291,open,3,0.0657,0,0.2,True,0.0,ALERT,0.1191,0.0,0,-1.83,-1.24,0.34,0.525,0.622,False,False,False,0,False,False,False,ATTENTIVE
7.997,61,0.2812,0.3211,open,3,0.0657,0,0.2,True,0.0,ALERT,0.1162,0.0,0,-1.58,-0.91,0.41,0.546,0.639,False,False,False,0,False,False,False,ATTENTIVE
8.034,62,0.28,0.3314,open,3,0.0657,0,0.2,True,0.0,ALERT,0.1148,0.0,0,-1.37,-0.38,0.55,0.558,0.644,False,False,False,0,False,False,False,ATTENTIVE
8.065,63,0.2806,0.3283,open,3,0.0657,0,0.2,True,0.0,ALERT,0.1135,0.0,0,0.12,-1.53,0.53,0.552,0.652,False,False,False,0,False,False,False,ATTENTIVE
8.129,64,0.2753,0.3341,open,3,0.0657,0,0.2,True,0.0,ALERT,0.1115,0.0,0,1.61,-1.22,1.48,0.54,0.644,False,False,False,0,False,False,False,ATTENTIVE
8.17,65,0.2779,0.3125,open,3,0.0657,0,0.2,True,0.0,ALERT,0.1102,0.0,0,3.52,-1.2,1.6,0.541,0.583,False,False,False,0,False,False,False,ATTENTIVE
8.205,66,0.2824,0.3249,open,3,0.0657,0,0.2,True,0.0,ALERT,0.1088,0.0,0,5.03,-1.0,1.8,0.55,0.556,False,False,False,0,False,False,False,ATTENTIVE
8.281,67,0.2729,0.3294,open,3,0.0657,0,0.2,True,0.0,ALERT,0.1065,0.0,0,5.97,-1.23,2.01,0.548,0.553,False,False,False,0,False,False,False,ATTENTIVE
8.321,68,0.2574,0.3522,open,3,0.0657,0,0.2,True,0.0,ALERT,0.1052,0.0,0,5.45,-1.1,2.29,0.549,0.555,False,False,False,0,False,False,False,ATTENTIVE
8.349,69,0.2538,0.3426,open,3,0.0657,0,0.2,True,0.0,ALERT,0.1042,0.0,0,5.03,-1.22,2.48,0.542,0.56,False,False,False,0,False,False,False,ATTENTIVE
8.429,70,0.2564,0.3277,open,3,0.0657,0,0.2,True,0.0,ALERT,0.102,0.0,0,4.25,-1.17,2.52,0.533,0.583,False,False,False,0,False,False,False,ATTENTIVE
8.471,71,0.2557,0.3163,open,3,0.0657,0,0.2,True,0.0,ALERT,0.1007,0.0,0,3.16,-0.82,2.6,0.522,0.604,False,False,False,0,False,False,False,ATTENTIVE
8.511,72,0.2594,0.3442,open,3,0.0657,0,0.2,True,0.0,ALERT,0.0996,0.0,0,2.83,-0.03,2.73,0.539,0.586,False,False,False,0,False,False,False,ATTENTIVE
8.569,73,0.2618,0.3423,open,3,0.0657,0,0.2,True,0.0,ALERT,0.0978,0.0,0,2.62,0.39,2.78,0.55,0.574,False,False,False,0,False,False,False,ATTENTIVE
8.595,74,0.2589,0.3292,open,3,0.0657,0,0.2,True,0.0,ALERT,0.0971,0.0,0,2.63,0.51,2.87,0.555,0.566,False,False,False,0,False,False,False,ATTENTIVE
8.655,75,0.2506,0.3294,open,3,0.0657,0,0.2,True,0.0,ALERT,0.0958,0.0,0,2.65,-0.03,3.13,0.545,0.572,False,False,False,0,False,False,False,ATTENTIVE
8.725,76,0.2471,0.3222,open,3,0.0657,0,0.2,True,0.0,ALERT,0.0941,0.0,0,2.45,-0.16,3.26,0.54,0.574,False,False,False,0,False,False,False,ATTENTIVE
8.765,77,0.2576,0.3256,open,3,0.0657,0,0.2,True,0.0,ALERT,0.093,0.0,0,2.83,0.6,3.06,0.556,0.572,False,False,False,0,False,False,False,ATTENTIVE
8.804,78,0.2627,0.3239,open,3,0.0657,0,0.2,True,0.0,ALERT,0.0921,0.0,0,3.93,1.09,3.08,0.566,0.572,False,False,False,0,False,False,False,ATTENTIVE
8.881,79,0.2481,0.3414,open,3,0.0657,0,0.2,True,0.0,ALERT,0.0903,0.0,0,5.81,0.63,3.41,0.574,0.586,False,False,False,0,False,False,False,ATTENTIVE
8.924,80,0.2557,0.347,open,3,0.0657,0,0.2,True,0.0,ALERT,0.0894,0.0,0,6.67,0.52,3.29,0.573,0.618,False,False,False,0,False,False,False,ATTENTIVE
8.967,81,0.2507,0.3567,open,3,0.0657,0,0.2,True,0.0,ALERT,0.0884,0.0,0,5.57,0.05,3.38,0.573,0.59,False,False,False,0,False,False,False,ATTENTIVE
9.032,82,0.2648,0.3653,open,3,0.0657,0,0.2,True,0.0,ALERT,0.0868,0.0,0,3.78,0.9,3.22,0.576,0.58,False,False,False,0,False,False,False,ATTENTIVE
9.072,83,0.2655,0.3688,open,3,0.0657,0,0.2,True,0.0,ALERT,0.0862,0.0,0,3.18,1.39,3.17,0.581,0.589,False,False,False,0,False,False,False,ATTENTIVE
9.109,84,0.2503,0.3601,open,3,0.0657,0,0.2,True,0.0,ALERT,0.0854,0.0,0,2.45,1.43,3.16,0.587,0.566,False,False,False,0,False,False,False,ATTENTIVE
9.168,85,0.2473,0.3453,open,3,0.0657,0,0.2,True,0.0,ALERT,0.0841,0.0,0,1.6,1.45,3.07,0.592,0.54,False,False,False,0,False,False,False,ATTENTIVE
9.213,86,0.2734,0.3539,open,3,0.0657,0,0.2,True,0.0,ALERT,0.0833,0.0,0,1.24,1.85,2.98,0.572,0.569,False,False,False,0,False,False,False,ATTENTIVE
9.261,87,0.2479,0.2962,open,3,0.0657,0,0.2,True,0.0,ALERT,0.0824,0.0,0,-0.04,0.93,3.35,0.563,0.59,False,False,False,0,False,False,False,ATTENTIVE
9.332,88,0.2527,0.3151,open,3,0.0657,0,0.2,True,0.0,ALERT,0.0811,0.0,0,-0.72,1.03,3.51,0.566,0.636,False,False,False,0,False,False,False,ATTENTIVE
9.369,89,0.2415,0.3157,open,3,0.0657,0,0.2,True,0.0,ALERT,0.0804,0.0,0,1.07,0.15,3.32,0.553,0.658,False,False,False,0,False,False,False,ATTENTIVE
9.412,90,0.2478,0.3193,open,3,0.0657,0,0.2,True,0.0,ALERT,0.0797,0.0,0,3.06,-0.47,3.27,0.54,0.669,False,False,False,0,False,False,False,ATTENTIVE
9.494,91,0.2627,0.3498,open,3,0.0657,0,0.2,True,0.0,ALERT,0.0782,0.0,0,2.0,-0.67,3.45,0.527,0.656,False,False,False,0,False,False,False,ATTENTIVE
9.534,92,0.2534,0.3236,open,3,0.0657,0,0.2,True,0.0,ALERT,0.0775,0.0,0,1.59,-0.98,3.13,0.521,0.597,False,False,False,0,False,False,False,ATTENTIVE
9.573,93,0.2539,0.3221,open,3,0.0657,0,0.2,True,0.0,ALERT,0.0768,0.0,0,1.75,-1.21,2.93,0.519,0.534,False,False,False,0,False,False,False,ATTENTIVE
9.633,94,0.2567,0.337,open,3,0.0657,0,0.2,True,0.0,ALERT,0.0758,0.0,0,1.91,-1.09,3.05,0.54,0.498,False,False,False,0,False,False,False,ATTENTIVE
9.665,95,0.2487,0.3345,open,3,0.0657,0,0.2,True,0.0,ALERT,0.0752,0.0,0,1.92,-0.92,3.14,0.552,0.489,False,False,False,0,False,False,False,ATTENTIVE
9.691,96,0.2639,0.3418,open,3,0.0657,0,0.2,True,0.0,ALERT,0.0748,0.0,0,2.98,-0.05,2.96,0.543,0.502,False,False,False,0,False,False,False,ATTENTIVE
9.75,97,0.2654,0.341,open,3,0.0657,0,0.2,True,0.0,ALERT,0.074,0.0,0,3.89,0.34,2.87,0.532,0.524,False,False,False,0,False,False,False,ATTENTIVE
9.789,98,0.2566,0.3634,open,3,0.0657,0,0.2,True,0.0,ALERT,0.0734,0.0,0,3.19,-0.21,2.81,0.528,0.504,False,False,False,0,False,False,False,ATTENTIVE
9.825,99,0.2546,0.3604,open,3,0.0657,0,0.2,True,0.0,ALERT,0.0729,0.0,0,2.9,-0.71,2.71,0.528,0.496,False,False,False,0,False,False,False,ATTENTIVE
9.898,100,0.2465,0.363,open,3,0.0657,0,0.2,True,0.0,ALERT,0.0718,0.0,0,2.68,-0.17,2.78,0.56,0.482,False,False,False,0,False,False,False,ATTENTIVE
9.94,101,0.2561,0.3489,open,3,0.0657,0,0.2,True,0.0,ALERT,0.0712,0.0,0,3.61,0.05,2.58,0.57,0.464,False,False,False,0,False,False,False,ATTENTIVE
9.981,102,0.2537,0.341,open,3,0.0657,0,0.2,True,0.0,ALERT,0.0707,0.0,0,4.35,-0.55,2.36,0.565,0.459,False,False,False,0,False,False,False,ATTENTIVE
10.046,103,0.2587,0.3358,open,3,0.0657,0,0.2,True,0.0,ALERT,0.0697,0.0,0,4.54,-0.58,2.43,0.582,0.442,False,False,False,0,False,False,False,ATTENTIVE
10.082,104,0.2542,0.3304,open,3,0.0657,0,0.2,True,0.0,ALERT,0.0693,0.0,0,4.66,-0.79,2.46,0.595,0.422,False,False,False,0,False,False,False,ATTENTIVE
10.12,105,0.2508,0.3149,open,3,0.0657,0,0.2,True,0.0,ALERT,0.0688,0.0,0,4.51,-0.47,2.15,0.608,0.343,False,False,False,0,False,False,False,ATTENTIVE
10.191,106,0.2535,0.3321,open,3,0.0657,0,0.2,True,0.0,ALERT,0.0678,0.0,0,6.26,-1.23,1.94,0.6,0.366,False,False,False,0,False,False,False,ATTENTIVE
10.229,107,0.2489,0.3326,open,3,0.0657,0,0.2,True,0.0,ALERT,0.0673,0.0,0,7.08,-1.6,1.82,0.591,0.339,False,False,False,0,False,False,False,ATTENTIVE
10.268,108,0.2394,0.3509,open,3,0.0657,0,0.2,True,0.0,ALERT,0.0668,0.0,0,7.31,-1.56,2.16,0.569,0.352,False,False,False,0,False,False,False,ATTENTIVE
10.335,109,0.2338,0.3412,open,3,0.0657,0,0.2,True,0.0,ALERT,0.066,0.0,0,6.16,-0.7,2.26,0.563,0.337,False,False,False,0,False,False,False,ATTENTIVE
10.381,110,0.2383,0.3494,open,3,0.0657,0,0.2,True,0.0,ALERT,0.0655,0.0,0,5.12,-0.39,2.37,0.574,0.328,False,False,False,0,False,False,False,ATTENTIVE
10.416,111,0.2354,0.353,open,3,0.0657,0,0.2,True,0.0,ALERT,0.065,0.0,0,4.49,-0.12,2.41,0.581,0.304,False,False,False,0,False,False,False,ATTENTIVE
10.477,112,0.2368,0.356,open,3,0.0657,0,0.2,True,0.0,ALERT,0.0643,0.0,0,3.51,0.41,2.78,0.587,0.388,False,False,False,0,False,False,False,ATTENTIVE
10.516,113,0.2384,0.332,open,3,0.0657,0,0.2,True,0.0,ALERT,0.0638,0.0,0,3.39,0.74,2.88,0.585,0.346,False,False,False,0,False,False,False,ATTENTIVE
10.541,114,0.2444,0.3478,open,3,0.0657,0,0.2,True,0.0,ALERT,0.0635,0.0,0,4.16,1.11,3.13,0.588,0.324,False,False,False,0,False,False,False,ATTENTIVE
10.597,115,0.246,0.3563,open,3,0.0657,0,0.2,True,0.0,ALERT,0.0629,0.0,0,4.7,1.29,3.23,0.582,0.43,False,False,False,0,False,False,False,ATTENTIVE
10.624,116,0.2443,0.3384,open,3,0.0657,0,0.2,True,0.0,ALERT,0.0626,0.0,0,4.7,1.45,3.3,0.579,0.506,False,False,False,0,False,False,False,ATTENTIVE
10.661,117,0.2557,0.3495,open,3,0.0657,0,0.2,True,0.0,ALERT,0.0622,0.0,0,5.09,1.23,3.38,0.576,0.476,False,False,False,0,False,False,False,ATTENTIVE
10.71,118,0.2572,0.3515,open,3,0.0657,0,0.2,True,0.0,ALERT,0.0617,0.0,0,5.34,1.3,3.44,0.576,0.442,False,False,False,0,False,False,False,ATTENTIVE
10.737,119,0.2461,0.35,open,3,0.0657,0,0.2,True,0.0,ALERT,0.0614,0.0,0,6.06,0.9,3.63,0.564,0.461,False,False,False,0,False,False,False,ATTENTIVE
10.771,120,0.2486,0.3433,open,3,0.0657,0,0.2,True,0.0,ALERT,0.0611,0.0,0,5.67,0.63,3.73,0.551,0.452,False,False,False,0,False,False,False,ATTENTIVE
10.847,121,0.2356,0.3225,open,3,0.0657,0,0.2,True,0.0,ALERT,0.0603,0.0,0,4.11,0.32,3.68,0.54,0.419,False,False,False,0,False,False,False,ATTENTIVE
10.887,122,0.2397,0.3186,open,3,0.0657,0,0.2,True,0.0,ALERT,0.0599,0.0,0,3.03,0.04,3.66,0.537,0.401,False,False,False,0,False,False,False,ATTENTIVE
10.926,123,0.2482,0.3451,open,3,0.0657,0,0.2,True,0.0,ALERT,0.0595,0.0,0,3.9,0.06,3.71,0.534,0.422,False,False,False,0,False,False,False,ATTENTIVE
10.988,124,0.2396,0.3186,open,3,0.0657,0,0.2,True,0.0,ALERT,0.0589,0.0,0,4.58,-0.89,4.08,0.52,0.463,False,False,False,0,False,False,False,ATTENTIVE
11.028,125,0.2358,0.3178,open,3,0.0657,0,0.2,True,0.0,ALERT,0.0585,0.0,0,4.44,-1.25,4.18,0.518,0.48,False,False,False,0,False,False,False,ATTENTIVE
11.069,126,0.2512,0.3043,open,3,0.0657,0,0.2,True,0.0,ALERT,0.0581,0.0,0,4.61,-1.1,3.76,0.522,0.446,False,False,False,0,False,False,False,ATTENTIVE
11.147,127,0.2426,0.3126,open,3,0.0657,0,0.2,True,0.0,ALERT,0.0574,0.0,0,4.73,-1.04,3.55,0.511,0.412,False,False,False,0,False,False,False,ATTENTIVE
11.179,128,0.2182,0.3163,closed,3,0.0657,0,0.2,True,0.0,ALERT,0.0571,0.0,0,5.29,-1.53,3.43,0.506,0.351,False,False,False,0,False,False,False,ATTENTIVE
11.216,129,0.2216,0.3196,closed,3,0.0657,0,0.2,True,0.0,ALERT,0.0626,0.0,0,6.12,-1.62,3.36,0.51,0.312,False,False,False,0,False,False,False,ATTENTIVE
11.288,130,0.2205,0.3256,closed,3,0.0657,0,0.2,True,0.0,ALERT,0.0732,0.0,0,6.65,-1.08,3.13,0.528,0.218,False,False,False,0,False,False,False,ATTENTIVE
11.319,131,0.2084,0.3399,closed,3,0.0657,0,0.2,True,0.0,ALERT,0.078,0.0,0,7.01,-1.22,3.14,0.52,0.245,False,False,False,0,False,False,False,ATTENTIVE
11.349,132,0.2145,0.336,closed,3,0.0657,0,0.2,True,0.0,ALERT,0.0823,0.0,0,6.79,-1.08,3.17,0.52,0.231,False,False,False,0,False,False,False,ATTENTIVE
11.423,133,0.1908,0.3432,closed,3,0.0657,0,0.2,True,0.0,ALERT,0.0915,0.0,0,7.1,-1.55,3.61,0.523,0.267,False,False,False,0,False,False,False,ATTENTIVE
11.462,134,0.2002,0.3348,closed,3,0.0657,0,0.2,True,0.0,ALERT,0.0974,0.0,0,6.84,-1.67,3.72,0.515,0.297,False,False,False,0,False,False,False,ATTENTIVE
11.5,135,0.1974,0.3357,closed,3,0.0657,0,0.2,True,0.0,ALERT,0.1026,0.0,0,5.0,-1.82,3.68,0.484,0.3,False,False,False,0,False,False,False,ATTENTIVE
11.577,136,0.1989,0.3277,closed,3,0.0657,0,0.2,True,0.0,ALERT,0.1125,0.0,0,4.11,-2.3,3.56,0.466,0.301,False,False,False,0,False,False,False,ATTENTIVE
11.615,137,0.2402,0.3139,open,3,0.0657,0,0.2,True,0.0,ALERT,0.1182,0.0,0,4.28,-1.44,3.66,0.524,0.393,False,False,False,0,False,False,False,ATTENTIVE
11.661,138,0.2371,0.3262,open,3,0.0657,0,0.2,True,0.0,ALERT,0.1174,0.0,0,4.91,-2.07,3.73,0.527,0.454,False,False,False,0,False,False,False,ATTENTIVE
11.735,139,0.2372,0.3228,open,3,0.0657,0,0.2,True,0.0,ALERT,0.1161,0.0,0,4.84,-2.27,3.75,0.529,0.49,False,False,False,0,False,False,False,ATTENTIVE
11.774,140,0.2135,0.3313,closed,3,0.0657,0,0.2,True,0.0,ALERT,0.1155,0.0,0,3.72,-2.17,4.26,0.529,0.548,False,False,False,0,False,False,False,ATTENTIVE
11.809,141,0.196,0.336,closed,3,0.0657,0,0.2,True,0.0,ALERT,0.12,0.0,0,2.21,-2.03,4.51,0.531,0.588,False,False,False,0,False,False,False,ATTENTIVE
11.877,142,0.2301,0.3431,closed,3,0.0657,0,0.2,True,0.0,ALERT,0.1289,0.0,0,2.87,-1.74,4.16,0.555,0.557,False,False,False,0,False,False,False,ATTENTIVE
11.935,143,0.2369,0.3239,open,4,0.0895,0,0.2,True,0.0,ALERT,0.1357,0.0,0,2.92,-1.98,3.96,0.524,0.593,False,False,False,0,False,False,False,ATTENTIVE
11.976,144,0.2405,0.3282,open,4,0.0895,0,0.2,True,0.0,ALERT,0.135,0.0,0,3.22,-2.48,3.87,0.511,0.607,False,False,False,0,False,False,False,ATTENTIVE
12.039,145,0.2586,0.3411,open,4,0.0895,0,0.2,True,0.0,ALERT,0.1336,0.0,0,2.46,-1.13,3.96,0.53,0.53,False,False,False,0,False,False,False,ATTENTIVE
12.072,146,0.2607,0.3533,open,4,0.0895,0,0.2,True,0.0,ALERT,0.1331,0.0,0,2.49,-0.48,3.93,0.527,0.462,False,False,False,0,False,False,False,ATTENTIVE
12.119,147,0.232,0.3427,open,4,0.0895,0,0.2,True,0.0,ALERT,0.1323,0.0,0,2.36,-0.45,4.1,0.545,0.534,False,False,False,0,False,False,False,ATTENTIVE
12.195,148,0.2486,0.3603,open,4,0.0895,0,0.2,True,0.0,ALERT,0.1309,0.0,0,3.41,-0.71,4.24,0.53,0.546,False,False,False,0,False,False,False,ATTENTIVE
12.234,149,0.2452,0.3482,open,4,0.0895,0,0.2,True,0.0,ALERT,0.1301,0.0,0,3.74,-0.46,4.3,0.536,0.579,False,False,False,0,False,False,False,ATTENTIVE
12.27,150,0.2489,0.3612,open,4,0.0895,0,0.2,True,0.0,ALERT,0.1295,0.0,0,4.12,-1.38,4.14,0.519,0.61,False,False,False,0,False,False,False,ATTENTIVE
12.336,151,0.2411,0.3652,open,4,0.0895,0,0.2,True,0.0,ALERT,0.1283,0.0,0,3.44,-1.61,3.97,0.508,0.632,False,False,False,0,False,False,False,ATTENTIVE
12.376,152,0.2369,0.3456,open,4,0.0895,0,0.2,True,0.0,ALERT,0.1277,0.0,0,2.56,-0.86,4.29,0.546,0.599,False,False,False,0,False,False,False,ATTENTIVE
12.415,153,0.23,0.3324,closed,4,0.0895,0,0.2,True,0.0,ALERT,0.127,0.0,0,2.52,-0.81,4.64,0.566,0.565,False,False,False,0,False,False,False,ATTENTIVE
12.492,154,0.2287,0.3469,closed,4,0.0895,0,0.2,True,0.0,ALERT,0.136,0.0,0,2.94,-1.27,4.47,0.561,0.55,False,False,False,0,False,False,False,ATTENTIVE
12.529,155,0.2347,0.361,open,5,0.0944,0,0.2,True,0.0,ALERT,0.1403,0.0,0,2.67,-0.66,4.65,0.562,0.559,False,False,False,0,False,False,False,ATTENTIVE
12.572,156,0.2318,0.3742,open,5,0.0944,0,0.2,True,0.0,ALERT,0.1395,0.0,0,2.4,-0.42,4.69,0.559,0.565,False,False,False,0,False,False,False,ATTENTIVE
12.636,157,0.2197,0.3556,closed,5,0.0944,0,0.2,True,0.0,ALERT,0.1382,0.0,0,2.21,-0.39,4.95,0.561,0.577,False,False,False,0,False,False,False,ATTENTIVE
12.67,158,0.2244,0.3504,closed,5,0.0944,0,0.2,True,0.0,ALERT,0.1413,0.0,0,2.07,-0.34,5.16,0.57,0.588,False,False,False,0,False,False,False,ATTENTIVE
12.712,159,0.2119,0.3473,closed,5,0.0944,0,0.2,True,0.0,ALERT,0.1458,0.0,0,2.42,-0.09,4.9,0.57,0.593,False,False,False,0,False,False,False,ATTENTIVE
12.778,160,0.2162,0.346,closed,5,0.0944,0,0.2,True,0.0,ALERT,0.1533,0.0,0,2.55,0.36,4.73,0.58,0.621,False,False,False,0,False,False,False,ATTENTIVE
12.817,161,0.2074,0.3154,closed,5,0.0944,0,0.2,True,0.0,ALERT,0.1571,0.0,0,3.02,0.4,4.96,0.561,0.581,False,False,False,0,False,False,False,ATTENTIVE
12.862,162,0.2139,0.3264,closed,5,0.0944,0,0.2,True,0.0,ALERT,0.1619,0.0,0,1.95,1.36,5.07,0.579,0.522,False,False,False,0,False,False,False,ATTENTIVE
12.913,163,0.2188,0.3329,closed,5,0.0944,0,0.2,True,0.0,ALERT,0.1683,0.0,0,2.46,1.26,5.22,0.596,0.482,False,False,False,0,False,False,False,ATTENTIVE
12.939,164,0.1905,0.3141,closed,5,0.0944,0,0.2,True,0.0,ALERT,0.171,0.0,0,2.52,0.74,5.29,0.585,0.444,False,False,False,0,False,False,False,ATTENTIVE
12.977,165,0.1965,0.3164,closed,5,0.0944,0,0.2,True,0.0,ALERT,0.1736,0.0,0,2.91,0.35,5.42,0.578,0.436,False,False,False,0,False,False,False,ATTENTIVE
13.041,166,0.2128,0.3315,closed,5,0.0944,0,0.2,True,0.0,ALERT,0.1811,0.0,0,1.95,1.28,5.68,0.6,0.45,False,False,False,0,False,False,False,ATTENTIVE
13.069,167,0.2076,0.3306,closed,5,0.0944,0,0.2,True,0.0,ALERT,0.1838,0.0,0,2.18,0.94,5.81,0.605,0.487,False,False,False,0,False,False,False,ATTENTIVE
13.11,168,0.222,0.2916,closed,5,0.0944,0,0.2,True,0.0,ALERT,0.1873,0.0,0,1.02,1.29,5.74,0.592,0.553,False,False,False,0,False,False,False,ATTENTIVE
13.177,169,0.2211,0.3022,closed,5,0.0944,0,0.2,True,0.0,ALERT,0.1941,0.0,0,0.67,1.48,5.63,0.581,0.583,False,False,False,0,False,False,False,ATTENTIVE
13.212,170,0.2261,0.3052,closed,5,0.0944,0,0.2,True,0.0,ALERT,0.1978,0.0,0,2.01,0.35,6.11,0.582,0.586,False,False,False,0,False,False,False,ATTENTIVE
13.267,171,0.229,0.293,closed,5,0.0944,0,0.2,True,0.0,ALERT,0.2026,0.0,0,2.04,0.34,6.27,0.592,0.58,False,False,False,0,False,False,False,ATTENTIVE
13.342,172,0.2257,0.2963,closed,5,0.0944,0,0.2,True,0.0,ALERT,0.2098,0.0,0,2.32,0.09,6.36,0.598,0.57,False,False,False,0,False,False,False,ATTENTIVE
13.382,173,0.2243,0.2942,closed,5,0.0944,0,0.2,True,0.0,ALERT,0.2134,0.0,0,4.1,-1.0,6.48,0.568,0.559,False,False,False,0,False,False,False,ATTENTIVE
13.421,174,0.2289,0.304,closed,5,0.0944,0,0.2,True,0.0,ALERT,0.2171,0.0,0,5.13,-1.65,6.45,0.544,0.546,False,False,False,0,False,False,False,ATTENTIVE
13.497,175,0.2308,0.2992,open,5,0.0944,0,0.2,True,0.0,ALERT,0.2246,0.0,0,4.48,-0.78,6.3,0.532,0.609,False,False,False,0,False,False,False,ATTENTIVE
13.528,176,0.223,0.2889,closed,5,0.0944,0,0.2,True,0.0,ALERT,0.2238,0.0,0,6.2,-1.72,6.34,0.552,0.638,False,False,False,0,False,False,False,ATTENTIVE
13.556,177,0.224,0.2838,closed,5,0.0944,0,0.2,True,0.0,ALERT,0.2265,0.0,0,6.47,-1.69,6.31,0.568,0.654,False,False,False,0,False,False,False,ATTENTIVE
13.621,178,0.2125,0.3008,closed,5,0.0944,0,0.2,True,0.0,ALERT,0.2323,0.0,0,4.97,-0.4,6.51,0.577,0.626,False,False,False,0,False,False,False,ATTENTIVE
13.648,179,0.2321,0.3082,open,6,0.0987,0,0.2,True,0.0,ALERT,0.2345,0.0,0,4.36,0.03,6.54,0.574,0.599,False,False,False,0,False,False,False,ATTENTIVE
13.676,180,0.2131,0.3026,closed,6,0.0987,0,0.2,True,0.0,ALERT,0.2338,0.0,0,4.11,-0.43,6.59,0.56,0.587,False,False,False,0,False,False,False,ATTENTIVE
13.749,181,0.2086,0.2991,closed,6,0.0987,0,0.2,True,0.0,ALERT,0.24,0.0,0,3.87,-0.86,6.62,0.546,0.591,False,False,False,0,False,False,False,ATTENTIVE
13.779,182,0.2167,0.2999,closed,6,0.0987,0,0.2,True,0.0,ALERT,0.2428,0.0,0,4.57,-1.21,6.47,0.55,0.575,False,False,False,0,False,False,False,ATTENTIVE
13.819,183,0.2148,0.318,closed,6,0.0987,0,0.2,True,0.0,ALERT,0.2457,0.0,0,5.26,-1.37,6.45,0.56,0.569,False,False,False,0,False,False,False,ATTENTIVE
13.888,184,0.204,0.2978,closed,6,0.0987,0,0.2,True,0.0,ALERT,0.2513,0.0,0,5.36,-1.75,6.42,0.555,0.605,False,False,False,0,False,False,False,ATTENTIVE
13.934,185,0.2297,0.3164,closed,6,0.0987,0,0.2,True,0.0,ALERT,0.2554,0.0,0,4.52,-1.13,6.24,0.567,0.62,False,False,False,0,False,False,False,ATTENTIVE
13.971,186,0.2293,0.3096,closed,6,0.0987,0,0.2,True,0.0,ALERT,0.2584,0.0,0,4.14,-0.7,6.11,0.581,0.645,False,False,False,0,False,False,False,ATTENTIVE
14.029,187,0.2334,0.2897,open,7,0.135,0,0.2,True,0.0,ALERT,0.2631,0.0,0,3.32,-0.29,6.02,0.572,0.655,False,False,False,0,False,False,False,ATTENTIVE
14.071,188,0.2296,0.2804,closed,7,0.135,0,0.2,True,0.0,ALERT,0.262,0.0,0,3.18,-0.31,5.94,0.563,0.652,False,False,False,0,False,False,False,ATTENTIVE
14.109,189,0.2343,0.3162,open,8,0.1229,0,0.2,True,0.0,ALERT,0.2651,0.0,0,4.09,-1.69,5.85,0.524,0.628,False,False,False,0,False,False,False,ATTENTIVE
14.18,190,0.2347,0.3367,open,8,0.1229,0,0.2,True,0.0,ALERT,0.2629,0.0,0,4.23,-2.14,5.86,0.507,0.586,False,False,False,0,False,False,False,ATTENTIVE
14.213,191,0.2601,0.3067,open,8,0.1229,0,0.2,True,0.0,ALERT,0.2619,0.0,0,3.65,-2.57,5.88,0.47,0.544,False,False,False,0,False,False,False,ATTENTIVE
14.247,192,0.2571,0.2919,open,8,0.1229,0,0.2,True,0.0,ALERT,0.2611,0.0,0,3.2,-2.91,5.9,0.443,0.516,False,False,False,0,False,False,False,ATTENTIVE
14.313,193,0.2617,0.2885,open,8,0.1229,0,0.2,True,0.0,ALERT,0.2592,0.0,0,3.27,-3.24,5.69,0.418,0.562,False,False,False,0,False,False,False,ATTENTIVE
14.344,194,0.2446,0.3013,open,8,0.1229,0,0.2,True,0.0,ALERT,0.2583,0.0,0,3.5,-2.5,5.56,0.439,0.577,False,False,False,0,False,False,False,ATTENTIVE
14.375,195,0.2352,0.2838,open,8,0.1229,0,0.2,True,0.0,ALERT,0.2574,0.0,0,4.13,-2.8,5.47,0.451,0.598,False,False,False,0,False,False,False,ATTENTIVE
14.43,196,0.2423,0.2869,open,8,0.1229,0,0.2,True,0.0,ALERT,0.2559,0.0,0,3.4,-2.48,5.57,0.451,0.587,False,False,False,0,False,False,False,ATTENTIVE
14.464,197,0.2398,0.2929,open,8,0.1229,0,0.2,True,0.0,ALERT,0.255,0.0,0,2.94,-2.05,5.68,0.459,0.58,False,False,False,0,False,False,False,ATTENTIVE
14.498,198,0.2382,0.3066,open,8,0.1229,0,0.2,True,0.0,ALERT,0.2542,0.0,0,2.24,-1.68,5.86,0.461,0.558,False,False,False,0,False,False,False,ATTENTIVE
14.548,199,0.2377,0.2974,open,8,0.1229,0,0.2,True,0.0,ALERT,0.2527,0.0,0,1.94,-1.4,5.95,0.463,0.539,False,False,False,0,False,False,False,ATTENTIVE
14.588,200,0.2456,0.3119,open,8,0.1229,0,0.2,True,0.0,ALERT,0.2519,0.0,0,3.61,-2.28,5.86,0.437,0.531,False,False,False,0,False,False,False,ATTENTIVE
14.624,201,0.2488,0.3094,open,8,0.1229,0,0.2,True,0.0,ALERT,0.2509,0.0,0,5.05,-2.75,5.92,0.423,0.522,False,False,False,0,False,False,False,ATTENTIVE
14.7,202,0.242,0.3038,open,8,0.1229,0,0.2,True,0.0,ALERT,0.2488,0.0,0,4.41,-1.81,6.02,0.44,0.516,False,False,False,0,False,False,False,ATTENTIVE
14.725,203,0.2492,0.2975,open,8,0.1229,0,0.2,True,0.0,ALERT,0.2482,0.0,0,4.74,-1.69,5.96,0.448,0.526,False,False,False,0,False,False,False,ATTENTIVE
14.762,204,0.2524,0.2893,open,8,0.1229,0,0.2,True,0.0,ALERT,0.2475,0.0,0,4.42,-1.33,5.87,0.456,0.534,False,False,False,0,False,False,False,ATTENTIVE
14.832,205,0.2416,0.3159,open,8,0.1229,0,0.2,True,0.0,ALERT,0.2456,0.0,0,5.08,-1.99,5.95,0.441,0.514,False,False,False,0,False,False,False,ATTENTIVE
14.871,206,0.2421,0.3199,open,8,0.1229,0,0.2,True,0.0,ALERT,0.2447,0.0,0,5.36,-2.03,6.08,0.436,0.485,False,False,False,0,False,False,False,ATTENTIVE
14.91,207,0.2894,0.3193,open,8,0.1229,0,0.2,True,0.0,ALERT,0.2437,0.0,0,5.12,-2.76,5.99,0.443,0.526,False,False,False,0,False,False,False,ATTENTIVE
14.985,208,0.286,0.3183,open,8,0.1229,0,0.2,True,0.0,ALERT,0.2419,0.0,0,4.76,-2.57,5.9,0.471,0.535,False,False,False,0,False,False,False,ATTENTIVE
15.017,209,0.2485,0.3254,open,8,0.1229,0,0.2,True,0.0,ALERT,0.241,0.0,0,5.56,-2.38,6.02,0.499,0.577,False,False,False,0,False,False,False,ATTENTIVE
15.069,210,0.2546,0.3198,open,8,0.1229,0,0.2,True,0.0,ALERT,0.24,0.0,0,4.77,-1.55,5.54,0.534,0.614,False,False,False,0,False,False,False,ATTENTIVE
15.134,211,0.2472,0.3335,open,8,0.1229,0,0.2,True,4.6,ALERT,0.2383,0.0,0,5.77,-1.69,5.43,0.512,0.622,False,False,False,0,False,False,False,ATTENTIVE
15.189,212,0.2544,0.3125,open,8,0.1229,0,0.2,True,4.59,ALERT,0.2375,0.0,0,7.48,-2.15,4.89,0.528,0.587,False,False,False,0,False,False,False,ATTENTIVE
15.246,213,0.2487,0.3085,open,8,0.1229,0,0.2,True,4.56,ALERT,0.236,0.0,0,9.22,-2.54,4.47,0.528,0.587,False,False,False,0,False,False,False,ATTENTIVE
15.311,214,0.2671,0.326,open,8,0.1229,0,0.2,True,4.54,ALERT,0.2342,0.0,0,8.51,-1.38,4.44,0.535,0.696,False,False,False,0,False,False,False,ATTENTIVE
15.347,215,0.2416,0.3376,open,8,0.1229,0,0.2,True,4.53,ALERT,0.2335,0.0,0,7.11,0.38,4.55,0.535,0.696,False,False,False,0,False,False,False,ATTENTIVE
15.414,216,0.2361,0.3352,open,8,0.1229,0,0.2,True,4.5,ALERT,0.232,0.0,0,6.46,1.56,4.59,0.572,0.708,False,False,False,0,False,False,False,ATTENTIVE
15.479,217,0.236,0.3394,open,8,0.1229,0,0.2,True,4.48,ALERT,0.2305,0.0,0,6.72,1.85,4.56,0.572,0.708,False,False,False,0,False,False,False,ATTENTIVE
15.53,218,0.2459,0.3241,open,8,0.1229,0,0.2,True,4.47,ALERT,0.2295,0.0,0,7.45,1.27,4.6,0.602,0.701,False,False,False,0,False,False,False,ATTENTIVE
15.556,219,0.2419,0.3179,open,8,0.1229,0,0.2,True,4.46,ALERT,0.2288,0.0,0,7.76,1.02,4.57,0.602,0.701,False,False,False,0,False,False,False,ATTENTIVE
15.606,220,0.2468,0.3256,open,8,0.1229,0,0.2,True,4.44,ALERT,0.2277,0.0,0,7.59,0.8,4.18,0.589,0.675,False,False,False,0,False,False,False,ATTENTIVE
15.644,221,0.2405,0.3169,open,8,0.1229,0,0.2,True,4.43,ALERT,0.2272,0.0,0,7.19,0.59,3.93,0.589,0.675,False,False,False,0,False,False,False,ATTENTIVE
15.674,222,0.2334,0.3288,open,8,0.1229,0,0.2,True,4.42,ALERT,0.2264,0.0,0,6.95,0.97,3.94,0.588,0.626,False,False,False,0,False,False,False,ATTENTIVE
15.757,223,0.2295,0.3176,open,8,0.1229,0,0.2,True,4.39,ALERT,0.2247,0.0,0,6.75,1.04,3.99,0.588,0.626,False,False,False,0,False,False,False,ATTENTIVE
15.787,224,0.2452,0.3299,open,8,0.1229,0,0.2,True,4.38,ALERT,0.224,0.0,0,6.85,-0.0,3.91,0.563,0.627,False,False,False,0,False,False,False,ATTENTIVE
15.816,225,0.2477,0.347,open,8,0.1229,0,0.2,True,4.37,ALERT,0.2234,0.0,0,7.0,-0.09,3.75,0.563,0.627,False,False,False,0,False,False,False,ATTENTIVE
15.879,226,0.2465,0.3275,open,8,0.1229,0,0.2,True,4.36,ALERT,0.2221,0.0,0,5.74,-0.38,4.14,0.561,0.65,False,False,False,0,False,False,False,ATTENTIVE
15.929,227,0.2569,0.3268,open,8,0.1229,0,0.2,True,4.34,ALERT,0.2211,0.0,0,6.23,-0.65,4.04,0.561,0.65,False,False,False,0,False,False,False,ATTENTIVE
15.961,228,0.2436,0.3352,open,8,0.1229,0,0.2,True,4.33,ALERT,0.2205,0.0,0,6.38,-0.73,4.16,0.555,0.635,False,False,False,0,False,False,False,ATTENTIVE
16.026,229,0.2366,0.3234,open,8,0.1229,0,0.2,True,4.31,ALERT,0.2191,0.0,0,5.61,-0.48,4.32,0.555,0.635,False,False,False,0,False,False,False,ATTENTIVE
16.06,230,0.2371,0.3229,open,8,0.1229,0,0.2,True,4.3,ALERT,0.2185,0.0,0,5.05,-0.45,4.24,0.545,0.628,False,False,False,0,False,False,False,ATTENTIVE
16.086,231,0.2576,0.3193,open,8,0.1229,0,0.2,True,4.29,ALERT,0.2179,0.0,0,5.6,-1.48,4.37,0.545,0.628,False,False,False,0,False,False,False,ATTENTIVE
16.152,232,0.2606,0.335,open,8,0.1229,0,0.2,True,4.28,ALERT,0.2168,0.0,0,5.93,-1.96,4.4,0.512,0.632,False,False,False,0,False,False,False,ATTENTIVE
16.189,233,0.2534,0.3231,open,8,0.1229,0,0.2,True,4.26,ALERT,0.2161,0.0,0,5.56,-1.35,4.46,0.512,0.632,False,False,False,0,False,False,False,ATTENTIVE
16.221,234,0.2613,0.3198,open,8,0.1229,0,0.2,True,4.25,ALERT,0.2153,0.0,0,5.48,-1.11,4.49,0.503,0.627,False,False,False,0,False,False,False,ATTENTIVE
16.276,235,0.2684,0.3366,open,8,0.1229,0,0.2,True,4.24,ALERT,0.2144,0.0,0,5.09,-2.12,4.8,0.503,0.627,False,False,False,0,False,False,False,ATTENTIVE
16.336,236,0.2375,0.324,open,8,0.1229,0,0.2,True,4.22,ALERT,0.2134,0.0,0,4.6,-2.14,4.81,0.504,0.594,False,False,False,0,False,False,False,ATTENTIVE
16.382,237,0.2457,0.3313,open,8,0.1229,0,0.2,True,4.21,ALERT,0.2125,0.0,0,4.12,-2.15,4.81,0.504,0.594,False,False,False,0,False,False,False,ATTENTIVE
16.456,238,0.2592,0.3518,open,8,0.1229,0,0.2,True,4.19,ALERT,0.2111,0.0,0,4.04,-2.64,4.77,0.502,0.585,False,False,False,0,False,False,False,ATTENTIVE
16.489,239,0.2552,0.352,open,8,0.1229,0,0.2,True,4.18,ALERT,0.2104,0.0,0,3.56,-2.5,4.75,0.502,0.585,False,False,False,0,False,False,False,ATTENTIVE
16.527,240,0.253,0.3419,open,8,0.1229,0,0.2,True,4.17,ALERT,0.2098,0.0,0,4.38,-3.58,4.52,0.497,0.549,False,False,False,0,False,False,False,ATTENTIVE
16.604,241,0.2575,0.3371,open,8,0.1229,0,0.2,True,4.15,ALERT,0.2085,0.0,0,4.52,-3.45,4.44,0.497,0.549,False,False,False,0,False,False,False,ATTENTIVE
16.644,242,0.2391,0.3429,open,8,0.1229,0,0.2,True,4.14,ALERT,0.2077,0.0,0,4.77,-3.26,4.26,0.491,0.524,False,False,False,0,False,False,False,ATTENTIVE
16.681,243,0.2501,0.3283,open,8,0.1229,0,0.2,True,4.13,ALERT,0.207,0.0,0,5.62,-2.58,4.14,0.491,0.524,False,False,False,0,False,False,False,ATTENTIVE
16.732,244,0.2492,0.3372,open,8,0.1229,0,0.2,True,4.11,ALERT,0.206,0.0,0,6.19,-2.23,3.98,0.533,0.506,False,False,False,0,False,False,False,ATTENTIVE
16.772,245,0.2357,0.3391,open,8,0.1229,0,0.2,True,4.11,ALERT,0.2055,0.0,0,6.15,-3.25,3.81,0.533,0.506,False,False,False,0,False,False,False,ATTENTIVE
16.844,246,0.2422,0.3377,open,8,0.1229,0,0.2,True,4.09,ALERT,0.2044,0.0,0,5.93,-3.65,3.79,0.536,0.477,False,False,False,0,False,False,False,ATTENTIVE
16.898,247,0.242,0.3578,open,8,0.1229,0,0.2,True,4.07,ALERT,0.2032,0.0,0,5.96,-2.27,3.94,0.536,0.477,False,False,False,0,False,False,False,ATTENTIVE
16.933,248,0.2454,0.3426,open,8,0.1229,0,0.2,True,4.06,ALERT,0.2026,0.0,0,6.48,-2.36,4.18,0.52,0.486,False,False,False,0,False,False,False,ATTENTIVE
16.961,249,0.2351,0.3373,open,8,0.1229,0,0.2,True,4.06,ALERT,0.2021,0.0,0,6.15,-2.09,4.3,0.52,0.486,False,False,False,0,False,False,False,ATTENTIVE
17.017,250,0.2322,0.3335,open,8,0.1229,0,0.2,True,4.04,ALERT,0.2012,0.0,0,5.44,-0.65,4.3,0.509,0.511,False,False,False,0,False,False,False,ATTENTIVE
17.05,251,0.2398,0.3248,open,8,0.1229,0,0.2,True,4.03,ALERT,0.2007,0.0,0,6.13,-0.68,4.29,0.509,0.511,False,False,False,0,False,False,False,ATTENTIVE
17.086,252,0.2331,0.3244,open,8,0.1229,0,0.2,True,4.03,ALERT,0.2001,0.0,0,6.32,-0.36,4.08,0.507,0.484,False,False,False,0,False,False,False,ATTENTIVE
17.156,253,0.2397,0.3328,open,8,0.1229,0,0.2,True,4.01,ALERT,0.1989,0.0,0,6.6,0.03,4.07,0.507,0.484,False,False,False,0,False,False,False,ATTENTIVE
17.187,254,0.2543,0.352,open,8,0.1229,0,0.2,True,4.0,ALERT,0.1985,0.0,0,7.86,-0.75,4.15,0.502,0.499,False,False,False,0,False,False,False,ATTENTIVE
17.222,255,0.2516,0.3526,open,8,0.1229,0,0.2,True,3.99,ALERT,0.1979,0.0,0,8.62,-1.2,4.22,0.502,0.499,False,False,False,0,False,False,False,ATTENTIVE
17.289,256,0.2492,0.367,open,8,0.1229,0,0.2,True,3.98,ALERT,0.1968,0.0,0,6.91,-1.47,4.54,0.496,0.498,False,False,False,0,False,False,False,ATTENTIVE
17.373,257,0.2471,0.3598,open,8,0.1229,0,0.2,True,3.96,ALERT,0.1955,0.0,0,5.92,-0.43,4.45,0.496,0.498,False,False,False,0,False,False,False,ATTENTIVE
17.433,258,0.2421,0.366,open,8,0.1229,0,0.2,True,3.94,ALERT,0.1947,0.0,0,6.14,-0.02,4.5,0.513,0.505,False,False,False,0,False,False,False,ATTENTIVE
17.489,259,0.2552,0.3517,open,8,0.1229,0,0.2,True,3.93,ALERT,0.1936,0.0,0,6.19,-0.79,4.32,0.513,0.505,False,False,False,0,False,False,False,ATTENTIVE
17.535,260,0.2495,0.3399,open,8,0.1229,0,0.2,True,3.92,ALERT,0.193,0.0,0,5.79,-1.7,4.24,0.482,0.538,False,False,False,0,False,False,False,ATTENTIVE
17.583,261,0.2526,0.3496,open,8,0.1229,0,0.2,True,3.91,ALERT,0.1924,0.0,0,4.95,-1.77,4.33,0.482,0.538,False,False,False,0,False,False,False,ATTENTIVE
17.676,262,0.2425,0.3472,open,8,0.1229,0,0.2,True,3.89,ALERT,0.1908,0.0,0,4.68,-0.98,4.49,0.518,0.535,False,False,False,0,False,False,False,ATTENTIVE
17.738,263,0.2386,0.3246,open,8,0.1229,0,0.2,True,3.87,ALERT,0.1899,0.0,0,4.94,-0.21,4.55,0.518,0.535,False,False,False,0,False,False,False,ATTENTIVE
17.768,264,0.2412,0.3261,open,8,0.1229,0,0.2,True,3.87,ALERT,0.1895,0.0,0,4.49,0.59,4.53,0.557,0.536,False,False,False,0,False,False,False,ATTENTIVE
17.827,265,0.2553,0.3286,open,8,0.1229,0,0.2,True,3.85,ALERT,0.1885,0.0,0,5.56,0.79,4.37,0.557,0.536,False,False,False,0,False,False,False,ATTENTIVE
17.861,266,0.245,0.3347,open,8,0.1229,0,0.2,True,3.85,ALERT,0.1881,0.0,0,6.26,1.08,4.36,0.577,0.529,False,False,False,0,False,False,False,ATTENTIVE
17.895,267,0.2546,0.3213,open,8,0.1229,0,0.2,True,3.84,ALERT,0.1876,0.0,0,6.08,0.44,4.18,0.577,0.529,False,False,False,0,False,False,False,ATTENTIVE
17.964,268,0.2493,0.3302,open,8,0.1229,0,0.2,True,3.82,ALERT,0.1867,0.0,0,6.1,-0.15,4.12,0.575,0.51,False,False,False,0,False,False,False,ATTENTIVE
18.003,269,0.2454,0.3437,open,8,0.1229,0,0.2,True,3.82,ALERT,0.1861,0.0,0,5.95,0.4,4.37,0.575,0.51,False,False,False,0,False,False,False,ATTENTIVE
18.083,270,0.2435,0.3205,open,8,0.1229,0,0.2,True,3.8,ALERT,0.185,0.0,0,7.22,0.29,4.43,0.579,0.525,False,False,False,0,False,False,False,ATTENTIVE
18.162,271,0.2421,0.3252,open,8,0.1229,0,0.2,True,3.78,ALERT,0.1839,0.0,0,7.7,0.37,4.46,0.579,0.525,False,False,False,0,False,False,False,ATTENTIVE
18.195,272,0.2483,0.35,open,8,0.1229,0,0.2,True,3.77,ALERT,0.1833,0.0,0,7.8,0.17,4.3,0.586,0.486,False,False,False,0,False,False,False,ATTENTIVE
18.222,273,0.2446,0.3453,open,8,0.1229,0,0.2,True,3.77,ALERT,0.1829,0.0,0,7.82,0.12,4.24,0.586,0.486,False,False,False,0,False,False,False,ATTENTIVE
18.274,274,0.2522,0.3512,open,8,0.1229,0,0.2,True,3.76,ALERT,0.1823,0.0,0,8.18,0.48,4.27,0.623,0.477,False,False,False,0,False,False,False,ATTENTIVE
18.335,275,0.262,0.3574,open,8,0.1229,0,0.2,True,3.75,ALERT,0.1815,0.0,0,7.71,0.24,4.46,0.623,0.477,False,False,False,0,False,False,False,ATTENTIVE
18.366,276,0.2555,0.3631,open,8,0.1229,0,0.2,True,3.74,ALERT,0.181,0.0,0,7.51,0.07,4.57,0.601,0.494,False,False,False,0,False,False,False,ATTENTIVE
18.427,277,0.2644,0.3323,open,8,0.1229,0,0.2,True,3.73,ALERT,0.1802,0.0,0,5.57,0.09,4.62,0.601,0.494,False,False,False,0,False,False,False,ATTENTIVE
18.459,278,0.268,0.3493,open,8,0.1229,0,0.2,True,3.72,ALERT,0.1798,0.0,0,5.5,0.21,4.67,0.626,0.482,False,False,False,0,False,False,False,ATTENTIVE
18.494,279,0.2513,0.3532,open,8,0.1229,0,0.2,True,3.71,ALERT,0.1793,0.0,0,5.48,-0.3,4.6,0.626,0.482,False,False,False,0,False,False,False,ATTENTIVE
18.568,280,0.244,0.3509,open,8,0.1229,0,0.2,True,3.7,ALERT,0.1784,0.0,0,5.14,-0.92,4.67,0.619,0.464,False,False,False,0,False,False,False,ATTENTIVE
18.606,281,0.2658,0.3309,open,8,0.1229,0,0.2,True,3.69,ALERT,0.1779,0.0,0,4.76,-0.05,4.63,0.619,0.464,False,False,False,0,False,False,False,ATTENTIVE
18.671,282,0.2679,0.3718,open,8,0.1229,0,0.2,True,3.68,ALERT,0.1771,0.0,0,5.99,0.46,4.78,0.63,0.438,False,False,False,0,False,False,False,ATTENTIVE
18.739,283,0.2685,0.3584,open,8,0.1229,0,0.2,True,3.67,ALERT,0.1761,0.0,0,6.59,0.62,4.79,0.63,0.438,False,False,False,0,False,False,False,ATTENTIVE
18.777,284,0.26,0.3459,open,8,0.1229,0,0.2,True,3.66,ALERT,0.1757,0.0,0,5.47,1.76,4.91,0.62,0.441,False,False,False,0,False,False,False,ATTENTIVE
18.822,285,0.2623,0.3455,open,8,0.1229,0,0.2,True,3.65,ALERT,0.1752,0.0,0,4.9,2.27,4.79,0.62,0.441,False,False,False,0,False,False,False,ATTENTIVE
18.877,286,0.2655,0.3473,open,8,0.1229,0,0.2,True,3.64,ALERT,0.1744,0.0,0,5.0,2.5,4.75,0.611,0.439,False,False,False,0,False,False,False,ATTENTIVE
18.942,287,0.2478,0.3297,open,8,0.1229,0,0.2,True,3.63,ALERT,0.1736,0.0,0,4.84,1.8,4.68,0.611,0.439,False,False,False,0,False,False,False,ATTENTIVE
18.979,288,0.247,0.3353,open,8,0.1229,0,0.2,True,3.62,ALERT,0.1732,0.0,0,4.7,1.45,4.69,0.611,0.446,False,False,False,0,False,False,False,ATTENTIVE
19.055,289,0.2559,0.3449,open,8,0.1229,0,0.2,True,3.61,ALERT,0.1723,0.0,0,5.09,1.51,4.6,0.611,0.446,False,False,False,0,False,False,False,ATTENTIVE
19.094,290,0.2546,0.3314,open,8,0.1229,0,0.2,True,3.6,ALERT,0.1718,0.0,0,5.46,1.43,4.58,0.609,0.442,False,False,False,0,False,False,False,ATTENTIVE
19.134,291,0.2563,0.3475,open,8,0.1229,0,0.2,True,3.59,ALERT,0.1713,0.0,0,5.25,1.36,4.38,0.609,0.442,False,False,False,0,False,False,False,ATTENTIVE
19.212,292,0.25,0.3581,open,8,0.1229,0,0.2,True,3.58,ALERT,0.1704,0.0,0,5.42,1.17,4.35,0.608,0.453,False,False,False,0,False,False,False,ATTENTIVE
19.242,293,0.2525,0.34,open,8,0.1229,0,0.2,True,3.57,ALERT,0.17,0.0,0,5.65,1.17,4.56,0.608,0.453,False,False,False,0,False,False,False,ATTENTIVE
19.284,294,0.2593,0.3508,open,8,0.1229,0,0.2,True,3.57,ALERT,0.1695,0.0,0,5.47,1.5,4.7,0.611,0.47,False,False,False,0,False,False,False,ATTENTIVE
19.344,295,0.2638,0.3359,open,8,0.1229,0,0.2,True,3.55,ALERT,0.1687,0.0,0,5.35,0.91,4.66,0.611,0.47,False,False,False,0,False,False,False,ATTENTIVE
19.379,296,0.272,0.3757,open,8,0.1229,0,0.2,True,3.55,ALERT,0.1684,0.0,0,5.52,1.14,4.63,0.612,0.501,False,False,False,0,False,False,False,ATTENTIVE
19.419,297,0.2701,0.3707,open,8,0.1229,0,0.2,True,3.54,ALERT,0.1679,0.0,0,5.39,1.5,4.55,0.612,0.501,False,False,False,0,False,False,False,ATTENTIVE
19.499,298,0.2504,0.355,open,8,0.1229,0,0.2,True,3.53,ALERT,0.167,0.0,0,5.01,1.89,4.55,0.64,0.479,False,False,False,0,False,False,False,ATTENTIVE
19.538,299,0.2511,0.3313,open,8,0.1229,0,0.2,True,3.52,ALERT,0.1665,0.0,0,5.64,1.47,4.37,0.64,0.479,False,False,False,0,False,False,False,ATTENTIVE
19.578,300,0.2546,0.3266,open,8,0.1229,0,0.2,True,3.52,ALERT,0.1661,0.0,0,6.05,1.21,4.15,0.636,0.469,False,False,False,0,False,False,False,ATTENTIVE
19.658,301,0.2531,0.3479,open,8,0.1229,0,0.2,True,3.5,ALERT,0.1652,0.0,0,6.45,1.22,4.09,0.636,0.469,False,False,False,0,False,False,False,ATTENTIVE
19.701,302,0.2562,0.3412,open,8,0.1229,0,0.2,True,3.5,ALERT,0.1647,0.0,0,6.83,1.21,4.02,0.638,0.462,False,False,False,0,False,False,False,ATTENTIVE
19.737,303,0.2555,0.344,open,8,0.1229,0,0.2,True,3.49,ALERT,0.1643,0.0,0,7.02,1.34,4.0,0.638,0.462,False,False,False,0,False,False,False,ATTENTIVE
19.801,304,0.2549,0.3658,open,8,0.1229,0,0.2,True,3.48,ALERT,0.1635,0.0,0,6.22,2.92,3.92,0.64,0.466,False,False,False,0,False,False,False,ATTENTIVE
19.828,305,0.2569,0.3454,open,8,0.1229,0,0.2,True,3.47,ALERT,0.1632,0.0,0,5.7,3.84,3.94,0.64,0.466,False,False,False,0,False,False,False,ATTENTIVE
19.868,306,0.2468,0.3356,open,8,0.1229,0,0.2,True,3.47,ALERT,0.1629,0.0,0,4.47,3.6,3.98,0.614,0.468,False,False,False,0,False,False,False,ATTENTIVE
19.957,307,0.2495,0.3364,open,8,0.1229,0,0.2,True,3.45,ALERT,0.162,0.0,0,3.64,3.36,3.94,0.614,0.468,False,False,False,0,False,False,False,ATTENTIVE
19.998,308,0.2591,0.3226,open,8,0.1229,0,0.2,True,3.45,ALERT,0.1615,0.0,0,2.82,2.78,4.06,0.597,0.46,False,False,False,0,False,False,False,ATTENTIVE
20.035,309,0.2551,0.3487,open,8,0.1229,0,0.2,True,3.44,ALERT,0.1611,0.0,0,3.45,2.01,4.14,0.597,0.46,False,False,False,0,False,False,False,ATTENTIVE
20.1,310,0.2646,0.3261,open,8,0.1229,0,0.2,True,3.43,ALERT,0.1603,0.0,0,3.41,1.49,4.1,0.575,0.466,False,False,False,0,False,False,False,ATTENTIVE
20.141,311,0.2658,0.3586,open,8,0.1229,0,0.2,True,3.42,ALERT,0.1599,0.0,0,3.51,1.63,4.02,0.575,0.466,False,False,False,0,False,False,False,ATTENTIVE
20.185,312,0.265,0.3539,open,8,0.1229,0,0.2,True,3.42,ALERT,0.1595,0.0,0,3.77,1.87,3.96,0.585,0.481,False,False,False,0,False,False,False,ATTENTIVE
20.242,313,0.2599,0.3331,open,8,0.1229,0,0.2,True,3.41,ALERT,0.1588,0.0,0,3.88,0.78,3.99,0.585,0.481,False,False,False,0,False,False,False,ATTENTIVE
20.271,314,0.2617,0.3296,open,8,0.1229,0,0.2,True,3.4,ALERT,0.1585,0.0,0,3.94,0.13,4.01,0.551,0.472,False,False,False,0,False,False,False,ATTENTIVE
20.298,315,0.2635,0.3404,open,8,0.1229,0,0.2,True,3.4,ALERT,0.1583,0.0,0,3.33,-0.15,4.16,0.551,0.472,False,False,False,0,False,False,False,ATTENTIVE
20.37,316,0.2663,0.3399,open,8,0.1229,0,0.2,True,3.39,ALERT,0.1576,0.0,0,3.11,-0.46,4.26,0.52,0.465,False,False,False,0,False,False,False,ATTENTIVE
20.412,317,0.2648,0.321,open,8,0.1229,0,0.2,True,3.38,ALERT,0.1572,0.0,0,4.23,-0.38,4.39,0.52,0.465,False,False,False,0,False,False,False,ATTENTIVE
20.443,318,0.2572,0.3426,open,8,0.1229,0,0.2,True,3.38,ALERT,0.1568,0.0,0,3.52,0.6,4.26,0.539,0.46,False,False,False,0,False,False,False,ATTENTIVE
20.502,319,0.2564,0.3567,open,8,0.1229,0,0.2,True,3.37,ALERT,0.1562,0.0,0,4.17,0.74,4.17,0.539,0.46,False,False,False,0,False,False,False,ATTENTIVE
20.541,320,0.2449,0.3564,open,8,0.1229,0,0.2,True,3.36,ALERT,0.1558,0.0,0,4.57,1.27,4.08,0.535,0.437,False,False,False,0,False,False,False,ATTENTIVE
20.58,321,0.2494,0.3512,open,8,0.1229,0,0.2,True,3.36,ALERT,0.1555,0.0,0,4.62,1.89,4.03,0.535,0.437,False,False,False,0,False,False,False,ATTENTIVE
20.657,322,0.2653,0.3354,open,8,0.1229,0,0.2,True,3.35,ALERT,0.1547,0.0,0,4.85,1.84,4.04,0.546,0.419,False,False,False,0,False,False,False,ATTENTIVE
20.7,323,0.2604,0.3322,open,8,0.1229,0,0.2,True,3.34,ALERT,0.1543,0.0,0,4.96,1.64,4.02,0.546,0.419,False,False,False,0,False,False,False,ATTENTIVE
20.741,324,0.2553,0.3334,open,8,0.1229,0,0.2,True,3.33,ALERT,0.1539,0.0,0,5.51,0.79,4.09,0.539,0.473,False,False,False,0,False,False,False,ATTENTIVE
20.816,325,0.2542,0.3379,open,8,0.1229,0,0.2,True,3.32,ALERT,0.1532,0.0,0,5.07,0.57,4.26,0.539,0.473,False,False,False,0,False,False,False,ATTENTIVE
20.857,326,0.2589,0.336,open,8,0.1229,0,0.2,True,3.32,ALERT,0.1528,0.0,0,4.7,0.46,4.39,0.529,0.456,False,False,False,0,False,False,False,ATTENTIVE
20.899,327,0.2591,0.3373,open,8,0.1229,0,0.2,True,3.31,ALERT,0.1524,0.0,0,4.43,0.23,4.37,0.529,0.456,False,False,False,0,False,False,False,ATTENTIVE
20.973,328,0.2472,0.3201,open,8,0.1229,0,0.2,True,3.3,ALERT,0.1517,0.0,0,4.65,1.18,4.12,0.53,0.441,False,False,False,0,False,False,False,ATTENTIVE
21.037,329,0.2574,0.3391,open,8,0.1229,0,0.2,True,3.29,ALERT,0.1511,0.0,0,4.69,2.34,4.1,0.53,0.441,False,False,False,0,False,False,False,ATTENTIVE
21.079,330,0.2545,0.3628,open,8,0.1229,0,0.2,True,3.28,ALERT,0.1507,0.0,0,5.18,3.09,4.14,0.546,0.433,False,False,False,0,False,False,False,ATTENTIVE
21.157,331,0.2525,0.315,open,8,0.1229,0,0.2,True,3.27,ALERT,0.15,0.0,0,4.81,2.29,4.11,0.546,0.433,False,False,False,0,False,False,False,ATTENTIVE
21.221,332,0.2616,0.3185,open,8,0.1229,0,0.2,True,3.27,ALERT,0.1494,0.0,0,4.87,1.63,4.01,0.541,0.5,False,False,False,0,False,False,False,ATTENTIVE
21.264,333,0.2547,0.321,open,8,0.1229,0,0.2,True,3.26,ALERT,0.149,0.0,0,5.13,1.52,4.0,0.541,0.5,False,False,False,0,False,False,False,ATTENTIVE
21.334,334,0.262,0.3325,open,8,0.1229,0,0.2,True,3.25,ALERT,0.1483,0.0,0,4.86,1.9,3.63,0.568,0.489,False,False,False,0,False,False,False,ATTENTIVE
21.374,335,0.2459,0.3444,open,8,0.1229,0,0.2,True,3.24,ALERT,0.148,0.0,0,5.11,2.3,3.72,0.568,0.489,False,False,False,0,False,False,False,ATTENTIVE
21.417,336,0.2507,0.3421,open,8,0.1229,0,0.2,True,3.24,ALERT,0.1476,0.0,0,5.19,2.28,3.77,0.592,0.498,False,False,False,0,False,False,False,ATTENTIVE
21.503,337,0.2342,0.3304,open,8,0.1229,0,0.2,True,3.23,ALERT,0.1468,0.0,0,4.79,2.4,3.93,0.592,0.498,False,False,False,0,False,False,False,ATTENTIVE
21.543,338,0.2578,0.3324,open,8,0.1229,0,0.2,True,3.22,ALERT,0.1464,0.0,0,4.91,1.85,3.95,0.606,0.511,False,False,False,0,False,False,False,ATTENTIVE
21.583,339,0.2502,0.3321,open,8,0.1229,0,0.2,True,3.22,ALERT,0.1461,0.0,0,5.51,1.2,3.97,0.606,0.511,False,False,False,0,False,False,False,ATTENTIVE
21.666,340,0.2486,0.3344,open,8,0.1229,0,0.2,True,3.21,ALERT,0.1454,0.0,0,5.63,0.8,3.97,0.598,0.522,False,False,False,0,False,False,False,ATTENTIVE
21.705,341,0.2566,0.3307,open,8,0.1229,0,0.2,True,3.2,ALERT,0.1451,0.0,0,5.21,0.27,3.89,0.598,0.522,False,False,False,0,False,False,False,ATTENTIVE
21.747,342,0.2571,0.3155,open,8,0.1229,0,0.2,True,3.19,ALERT,0.1447,0.0,0,4.95,0.61,3.68,0.597,0.502,False,False,False,0,False,False,False,ATTENTIVE
21.827,343,0.257,0.3173,open,8,0.1229,0,0.2,True,3.18,ALERT,0.144,0.0,0,4.96,0.55,3.7,0.597,0.502,False,False,False,0,False,False,False,ATTENTIVE
21.864,344,0.2564,0.3123,open,8,0.1229,0,0.2,True,3.18,ALERT,0.1437,0.0,0,4.56,0.97,3.63,0.594,0.502,False,False,False,0,False,False,False,ATTENTIVE
21.894,345,0.2452,0.3157,open,8,0.1229,0,0.2,True,3.17,ALERT,0.1434,0.0,0,4.42,1.46,3.72,0.594,0.502,False,False,False,0,False,False,False,ATTENTIVE
21.953,346,0.2475,0.3509,open,8,0.1229,0,0.2,True,3.17,ALERT,0.1429,0.0,0,3.52,1.61,3.89,0.612,0.496,False,False,False,0,False,False,False,ATTENTIVE
22.016,347,0.2425,0.3207,open,8,0.1229,0,0.2,True,3.16,ALERT,0.1424,0.0,0,4.31,1.15,3.89,0.612,0.496,False,False,False,0,False,False,False,ATTENTIVE
22.057,348,0.2466,0.3297,open,8,0.1229,0,0.2,True,3.16,ALERT,0.1421,0.0,0,3.98,1.46,3.85,0.614,0.486,False,False,False,0,False,False,False,ATTENTIVE
22.133,349,0.2512,0.3161,open,8,0.1229,0,0.2,True,3.15,ALERT,0.1415,0.0,0,4.76,1.4,3.8,0.614,0.486,False,False,False,0,False,False,False,ATTENTIVE
22.167,350,0.2725,0.3417,open,8,0.1229,0,0.2,True,3.14,ALERT,0.1411,0.0,0,5.86,0.79,3.7,0.598,0.468,False,False,False,0,False,False,False,ATTENTIVE
22.207,351,0.2734,0.3516,open,8,0.1229,0,0.2,True,3.14,ALERT,0.1408,0.0,0,6.2,0.38,3.75,0.598,0.468,False,False,False,0,False,False,False,ATTENTIVE
22.269,352,0.2702,0.3677,open,8,0.1229,0,0.2,True,3.13,ALERT,0.1403,0.0,0,6.27,-0.22,3.88,0.58,0.476,False,False,False,0,False,False,False,ATTENTIVE
22.344,353,0.2697,0.3362,open,8,0.1229,0,0.2,True,3.12,ALERT,0.1397,0.0,0,6.46,-0.39,3.63,0.58,0.476,False,False,False,0,False,False,False,ATTENTIVE
22.371,354,0.2654,0.3385,open,8,0.1229,0,0.2,True,3.12,ALERT,0.1395,0.0,0,6.84,-0.32,3.51,0.568,0.455,False,False,False,0,False,False,False,ATTENTIVE
22.429,355,0.2592,0.3371,open,8,0.1229,0,0.2,True,3.11,ALERT,0.139,0.0,0,6.88,-0.4,3.45,0.568,0.455,False,False,False,0,False,False,False,ATTENTIVE
22.457,356,0.2634,0.3403,open,8,0.1229,0,0.2,True,3.11,ALERT,0.1388,0.0,0,7.06,-0.17,3.53,0.556,0.453,False,False,False,0,False,False,False,ATTENTIVE
22.493,357,0.2621,0.3451,open,8,0.1229,0,0.2,True,3.1,ALERT,0.1385,0.0,0,7.11,0.04,3.55,0.556,0.453,False,False,False,0,False,False,False,ATTENTIVE
22.55,358,0.2721,0.3555,open,8,0.1229,0,0.2,True,3.1,ALERT,0.1381,0.0,0,6.74,0.18,3.57,0.536,0.44,False,False,False,0,False,False,False,ATTENTIVE
22.589,359,0.2676,0.3503,open,8,0.1229,0,0.2,True,3.09,ALERT,0.1378,0.0,0,6.89,0.09,3.58,0.536,0.44,False,False,False,0,False,False,False,ATTENTIVE
22.632,360,0.2649,0.3501,open,8,0.1229,0,0.2,True,3.09,ALERT,0.1375,0.0,0,6.7,0.35,3.58,0.525,0.439,False,False,False,0,False,False,False,ATTENTIVE
22.719,361,0.2672,0.3377,open,8,0.1229,0,0.2,True,3.08,ALERT,0.1368,0.0,0,6.96,0.21,3.62,0.525,0.439,False,False,False,0,False,False,False,ATTENTIVE
22.762,362,0.265,0.3407,open,8,0.1229,0,0.2,True,3.07,ALERT,0.1365,0.0,0,6.91,0.02,3.53,0.501,0.472,False,False,False,0,False,False,False,ATTENTIVE
22.803,363,0.2783,0.354,open,8,0.1229,0,0.2,True,3.07,ALERT,0.1361,0.0,0,7.03,0.28,3.63,0.501,0.472,False,False,False,0,False,False,False,ATTENTIVE
22.871,364,0.2843,0.3474,open,8,0.1229,0,0.2,True,3.06,ALERT,0.1356,0.0,0,7.29,0.14,3.7,0.504,0.451,False,False,False,0,False,False,False,ATTENTIVE
22.913,365,0.2821,0.3422,open,8,0.1229,0,0.2,True,3.05,ALERT,0.1353,0.0,0,7.36,-1.37,3.62,0.504,0.451,False,False,False,0,False,False,False,ATTENTIVE
22.954,366,0.29,0.3477,open,8,0.1229,0,0.2,True,3.05,ALERT,0.135,0.0,0,6.82,-1.58,3.36,0.506,0.461,False,False,False,0,False,False,False,ATTENTIVE
23.011,367,0.2831,0.3375,open,8,0.1229,0,0.2,True,3.04,ALERT,0.1346,0.0,0,6.44,-1.21,3.37,0.506,0.461,False,False,False,0,False,False,False,ATTENTIVE
23.051,368,0.2812,0.341,open,8,0.1229,0,0.2,True,3.04,ALERT,0.1343,0.0,0,6.1,-1.06,3.38,0.493,0.455,False,False,False,0,False,False,False,ATTENTIVE
23.087,369,0.2804,0.3498,open,8,0.1229,0,0.2,True,3.03,ALERT,0.134,0.0,0,5.68,-0.42,3.36,0.493,0.455,False,False,False,0,False,False,False,ATTENTIVE
23.144,370,0.2837,0.3535,open,8,0.1229,0,0.2,True,3.03,ALERT,0.1335,0.0,0,6.24,-0.11,3.39,0.487,0.473,False,False,False,0,False,False,False,ATTENTIVE
23.176,371,0.2845,0.3551,open,8,0.1229,0,0.2,True,3.02,ALERT,0.1333,0.0,0,6.51,0.09,3.44,0.487,0.473,False,False,False,0,False,False,False,ATTENTIVE
23.207,372,0.2938,0.333,open,8,0.1229,0,0.2,True,3.02,ALERT,0.1331,0.0,0,7.05,-0.13,3.5,0.479,0.492,False,False,False,0,False,False,False,ATTENTIVE
23.284,373,0.2777,0.3287,open,8,0.1229,0,0.2,True,3.01,ALERT,0.1326,0.0,0,7.07,0.46,3.51,0.479,0.492,False,False,False,0,False,False,False,ATTENTIVE
23.342,374,0.2659,0.3513,open,8,0.1229,0,0.2,True,3.01,ALERT,0.1321,0.0,0,7.33,0.42,3.68,0.478,0.526,False,False,False,0,False,False,False,ATTENTIVE
23.381,375,0.2681,0.3555,open,8,0.1229,0,0.2,True,3.0,ALERT,0.1319,0.0,0,7.45,0.5,3.82,0.478,0.526,False,False,False,0,False,False,False,ATTENTIVE
23.456,376,0.2714,0.3501,open,8,0.1229,0,0.2,True,2.99,ALERT,0.1313,0.0,0,7.48,0.45,3.87,0.495,0.512,False,False,False,0,False,False,False,ATTENTIVE
23.497,377,0.2643,0.3291,open,8,0.1229,0,0.2,True,2.99,ALERT,0.1311,0.0,0,7.51,0.87,3.82,0.495,0.512,False,False,False,0,False,False,False,ATTENTIVE
23.548,378,0.2661,0.3451,open,8,0.1229,0,0.2,True,2.98,ALERT,0.1307,0.0,0,7.99,0.23,3.68,0.494,0.525,False,False,False,0,False,False,False,ATTENTIVE
23.627,379,0.2598,0.3404,open,8,0.1229,0,0.2,True,2.98,ALERT,0.1301,0.0,0,8.07,-0.26,3.69,0.494,0.525,False,False,False,0,False,False,False,ATTENTIVE
23.669,380,0.2808,0.3714,open,8,0.1229,0,0.2,True,2.97,ALERT,0.1299,0.0,0,7.42,0.07,3.87,0.494,0.549,False,False,False,0,False,False,False,ATTENTIVE
23.709,381,0.2834,0.3768,open,8,0.1229,0,0.2,True,2.97,ALERT,0.1296,0.0,0,7.2,0.2,4.0,0.494,0.549,False,False,False,0,False,False,False,ATTENTIVE
23.776,382,0.2736,0.3606,open,8,0.1229,0,0.2,True,2.96,ALERT,0.1291,0.0,0,7.03,0.41,3.96,0.486,0.583,False,False,False,0,False,False,False,ATTENTIVE
23.816,383,0.2771,0.3536,open,8,0.1229,0,0.2,True,2.96,ALERT,0.1288,0.0,0,7.33,1.13,3.93,0.486,0.583,False,False,False,0,False,False,False,ATTENTIVE
23.891,384,0.2757,0.3243,open,8,0.1229,0,0.2,True,2.95,ALERT,0.1283,0.0,0,7.05,1.46,3.9,0.465,0.569,False,False,False,0,False,False,False,ATTENTIVE
23.965,385,0.2607,0.3388,open,8,0.1229,0,0.2,True,2.94,ALERT,0.1278,0.0,0,6.96,1.27,4.06,0.465,0.569,False,False,False,0,False,False,False,ATTENTIVE
24.013,386,0.2687,0.3388,open,8,0.1229,0,0.2,True,2.94,ALERT,0.1275,0.0,0,7.57,1.57,4.13,0.475,0.556,False,False,False,0,False,False,False,ATTENTIVE
24.056,387,0.2638,0.3479,open,8,0.1229,0,0.2,True,2.93,ALERT,0.1272,0.0,0,7.82,1.53,4.12,0.475,0.556,False,False,False,0,False,False,False,ATTENTIVE
24.123,388,0.2631,0.3203,open,8,0.1229,0,0.2,True,2.93,ALERT,0.1268,0.0,0,7.53,1.46,4.05,0.496,0.52,False,False,False,0,False,False,False,ATTENTIVE
24.156,389,0.266,0.347,open,8,0.1229,0,0.2,True,2.92,ALERT,0.1265,0.0,0,7.56,1.01,3.93,0.496,0.52,False,False,False,0,False,False,False,ATTENTIVE
24.195,390,0.2708,0.351,open,8,0.1229,0,0.2,True,2.92,ALERT,0.1263,0.0,0,7.73,0.35,3.83,0.494,0.537,False,False,False,0,False,False,False,ATTENTIVE
24.253,391,0.2614,0.32,open,8,0.1229,0,0.2,True,2.91,ALERT,0.1259,0.0,0,8.66,0.74,4.22,0.494,0.537,False,False,False,0,False,False,False,ATTENTIVE
24.285,392,0.2759,0.3292,open,8,0.1229,0,0.2,True,2.91,ALERT,0.1257,0.0,0,8.21,0.94,4.12,0.503,0.527,False,False,False,0,False,False,False,ATTENTIVE
24.353,393,0.2638,0.327,open,8,0.1229,0,0.2,True,2.9,ALERT,0.1253,0.0,0,8.59,1.11,4.11,0.503,0.527,False,False,False,0,False,False,False,ATTENTIVE
24.435,394,0.265,0.3203,open,8,0.1229,0,0.2,True,2.9,ALERT,0.1248,0.0,0,8.19,1.37,4.15,0.486,0.529,False,False,False,0,False,False,False,ATTENTIVE
24.469,395,0.2689,0.3227,open,8,0.1229,0,0.2,True,2.89,ALERT,0.1245,0.0,0,7.39,1.26,4.19,0.486,0.529,False,False,False,0,False,False,False,ATTENTIVE
24.504,396,0.2645,0.3225,open,8,0.1229,0,0.2,True,2.89,ALERT,0.1243,0.0,0,6.99,1.03,4.22,0.506,0.506,False,False,False,0,False,False,False,ATTENTIVE
24.577,397,0.2642,0.2934,open,8,0.1229,0,0.2,True,2.88,ALERT,0.1239,0.0,0,5.91,0.9,4.07,0.506,0.506,False,False,False,0,False,False,False,ATTENTIVE
24.62,398,0.252,0.3138,open,8,0.1229,0,0.2,True,2.88,ALERT,0.1236,0.0,0,6.24,0.31,4.25,0.487,0.498,False,False,False,0,False,False,False,ATTENTIVE
24.662,399,0.2517,0.3152,open,8,0.1229,0,0.2,True,2.87,ALERT,0.1233,0.0,0,6.02,-0.04,4.36,0.487,0.498,False,False,False,0,False,False,False,ATTENTIVE
24.715,400,0.2608,0.3753,open,8,0.1229,0,0.2,True,2.87,ALERT,0.1229,0.0,0,3.94,0.38,4.25,0.476,0.471,False,False,False,0,False,False,False,ATTENTIVE
24.744,401,0.2658,0.3789,open,8,0.1229,0,0.2,True,2.87,ALERT,0.1228,0.0,0,2.26,0.31,4.08,0.476,0.471,False,False,False,0,False,False,False,ATTENTIVE
24.776,402,0.2319,0.3391,open,8,0.1229,0,0.2,True,2.86,ALERT,0.1226,0.0,0,-1.78,-0.25,4.38,0.461,0.495,False,False,False,0,False,False,False,ATTENTIVE
24.853,403,0.2283,0.3653,open,8,0.1229,0,0.2,True,2.86,ALERT,0.1221,0.0,0,-4.75,-1.0,4.57,0.461,0.495,False,False,False,0,False,False,False,ATTENTIVE
24.896,404,0.1567,0.3275,closed,8,0.1229,0,0.2,True,2.85,ALERT,0.1219,0.0,0,-1.71,0.27,4.83,0.497,0.527,False,False,False,0,False,False,False,ATTENTIVE
24.935,405,0.1531,0.3175,closed,8,0.1229,0,0.2,True,3.1,ALERT,0.1238,0.0,0,0.27,0.98,5.11,0.497,0.527,False,False,False,0,False,False,False,ATTENTIVE
25.004,406,0.2343,0.3151,open,9,0.1212,0,0.2,True,2.91,ALERT,0.1266,0.0,0,-1.62,2.13,5.51,0.5,0.546,False,False,False,0,False,False,False,ATTENTIVE
25.044,407,0.2241,0.386,open,9,0.1212,0,0.2,True,2.91,ALERT,0.1263,0.0,0,-3.24,2.53,4.53,0.5,0.546,False,False,False,0,False,False,False,ATTENTIVE
25.086,408,0.233,0.3664,open,9,0.1212,0,0.2,True,2.9,ALERT,0.1261,0.0,0,-3.08,3.47,3.94,0.517,0.465,False,False,False,0,False,False,False,ATTENTIVE
25.151,409,0.2029,0.3394,closed,9,0.1212,0,0.2,True,2.9,ALERT,0.1257,0.0,0,-5.22,3.82,3.47,0.517,0.465,False,False,False,0,False,False,False,ATTENTIVE
25.217,410,0.2347,0.499,open,10,0.1157,0,0.2,True,2.89,ALERT,0.1283,0.0,0,-6.06,3.88,2.04,0.531,0.439,False,False,False,0,False,False,False,ATTENTIVE
25.265,411,0.2559,0.3798,open,10,0.1157,0,0.2,True,2.89,ALERT,0.1281,0.0,0,-5.72,3.79,1.39,0.531,0.439,False,False,False,0,False,False,False,ATTENTIVE
25.338,412,0.1804,0.4431,closed,10,0.1157,0,0.2,True,2.88,ALERT,0.1276,0.0,0,-6.23,6.7,1.38,0.557,0.416,False,False,False,0,False,False,False,ATTENTIVE
25.372,413,0.2007,0.3802,closed,10,0.1157,0,0.2,True,3.08,ALERT,0.1291,0.0,0,-5.97,6.8,1.83,0.557,0.416,False,False,False,0,False,False,False,ATTENTIVE
25.409,414,0.2174,0.3638,open,11,0.1116,0,0.2,True,2.89,ALERT,0.1305,0.0,0,-6.42,7.16,1.91,0.554,0.486,False,False,False,0,False,False,False,ATTENTIVE
25.482,415,0.2118,0.4074,open,11,0.1116,0,0.2,True,2.88,ALERT,0.13,0.0,0,-6.4,5.15,1.78,0.554,0.486,False,False,False,0,False,False,False,ATTENTIVE
25.515,416,0.21,0.3918,open,11,0.1116,0,0.2,True,2.88,ALERT,0.1298,0.0,0,-5.83,7.48,1.73,0.615,0.484,False,False,False,0,False,False,False,ATTENTIVE
25.551,417,0.1816,0.3836,closed,11,0.1116,0,0.2,True,2.87,ALERT,0.1296,0.0,0,-6.67,8.48,2.03,0.615,0.484,False,False,False,0,False,False,False,ATTENTIVE
25.631,418,0.1834,0.3779,closed,11,0.1116,0,0.2,True,3.31,ALERT,0.1328,0.0,0,-7.08,9.0,2.28,0.643,0.554,False,False,False,0,False,False,False,ATTENTIVE
25.673,419,0.2066,0.4225,open,12,0.1125,0,0.2,True,2.95,ALERT,0.1345,0.0,0,-8.41,8.73,2.29,0.643,0.554,False,False,False,0,False,False,False,ATTENTIVE
25.713,420,0.2078,0.4059,open,12,0.1125,0,0.2,True,2.95,ALERT,0.1342,0.0,0,-9.35,8.49,2.18,0.647,0.585,False,False,False,0,False,False,False,ATTENTIVE
25.776,421,0.2111,0.397,open,12,0.1125,0,0.2,True,2.94,ALERT,0.1337,0.0,0,-9.58,7.84,2.51,0.647,0.585,False,False,False,0,False,False,False,ATTENTIVE
25.803,422,0.2175,0.3778,open,12,0.1125,0,0.2,True,2.94,ALERT,0.1336,0.0,0,-9.75,7.85,2.42,0.641,0.617,False,False,False,0,False,False,False,ATTENTIVE
25.828,423,0.2348,0.3899,open,12,0.1125,0,0.2,True,2.94,ALERT,0.1334,0.0,0,-9.2,8.12,2.35,0.641,0.617,False,False,False,0,False,False,False,ATTENTIVE
25.878,424,0.2118,0.3471,open,12,0.1125,0,0.2,True,2.93,ALERT,0.1331,0.0,0,-9.52,6.75,2.02,0.65,0.652,False,False,False,0,False,False,False,ATTENTIVE
25.904,425,0.2181,0.3731,open,12,0.1125,0,0.2,True,2.93,ALERT,0.1329,0.0,0,-10.19,5.63,1.87,0.65,0.652,False,False,False,0,False,False,False,ATTENTIVE
25.947,426,0.2174,0.3873,open,12,0.1125,0,0.2,True,2.93,ALERT,0.1327,0.0,0,-10.81,5.79,2.08,0.697,0.653,False,False,False,0,False,False,False,ATTENTIVE
26.021,427,0.2209,0.3886,open,12,0.1125,0,0.2,True,2.92,ALERT,0.1322,0.0,0,-11.33,5.34,2.26,0.697,0.653,False,False,False,0,False,False,False,ATTENTIVE
26.061,428,0.2094,0.3758,open,12,0.1125,0,0.2,True,2.92,ALERT,0.132,0.0,0,-10.75,5.09,2.57,0.684,0.625,False,False,False,0,False,False,False,ATTENTIVE
26.099,429,0.2094,0.3835,open,12,0.1125,0,0.2,True,2.91,ALERT,0.1317,0.0,0,-10.36,4.41,2.81,0.684,0.625,False,False,False,0,False,False,False,ATTENTIVE
26.167,430,0.2048,0.3758,open,12,0.1125,0,0.2,True,2.91,ALERT,0.1313,0.0,0,-10.91,4.35,2.81,0.684,0.659,False,False,False,0,False,False,False,ATTENTIVE
26.202,431,0.2229,0.4497,open,12,0.1125,0,0.2,True,2.9,ALERT,0.1311,0.0,0,-10.74,4.75,2.85,0.684,0.659,False,False,False,0,False,False,False,ATTENTIVE
26.241,432,0.2127,0.371,open,12,0.1125,0,0.2,True,2.9,ALERT,0.1309,0.0,0,-10.04,4.0,2.67,0.696,0.688,False,False,False,0,False,False,False,ATTENTIVE
26.309,433,0.1897,0.3705,closed,12,0.1125,0,0.2,True,2.89,ALERT,0.1304,0.0,0,-9.84,4.67,2.08,0.696,0.688,False,False,False,0,False,False,False,ATTENTIVE
26.341,434,0.2026,0.37,closed,12,0.1125,0,0.2,True,3.07,ALERT,0.1317,0.0,0,-9.8,5.64,1.67,0.696,0.754,False,False,False,0,False,False,False,ATTENTIVE
26.373,435,0.1989,0.464,closed,12,0.1125,0,0.2,True,3.23,ALERT,0.1328,0.0,0,-8.86,5.87,2.09,0.696,0.754,False,False,False,0,False,False,False,ATTENTIVE
26.431,436,0.1941,0.4842,closed,12,0.1125,0,0.2,True,3.55,ALERT,0.1351,0.0,0,-8.2,5.61,2.28,0.719,0.759,False,False,False,0,False,False,False,ATTENTIVE
26.474,437,0.2061,0.4474,open,13,0.1165,0,0.2,True,3.02,ALERT,0.1367,0.0,0,-7.34,5.56,2.22,0.719,0.759,False,False,False,0,False,False,False,ATTENTIVE
26.513,438,0.2063,0.4201,open,13,0.1165,0,0.2,True,3.02,ALERT,0.1364,0.0,0,-6.77,5.69,2.27,0.717,0.744,False,False,False,0,False,False,False,ATTENTIVE
26.588,439,0.188,0.4393,closed,13,0.1165,0,0.2,True,3.01,ALERT,0.136,0.0,0,-5.58,4.83,2.23,0.717,0.744,False,False,False,0,False,False,False,ATTENTIVE
26.624,440,0.2122,0.3135,open,14,0.1108,0,0.2,True,2.99,ALERT,0.1374,0.0,0,-2.98,6.32,1.33,0.745,0.572,False,False,False,0,False,False,False,ATTENTIVE
26.669,441,0.2217,0.3265,open,14,0.1108,0,0.2,True,2.98,ALERT,0.1372,0.0,0,0.05,6.22,0.98,0.745,0.572,False,False,False,0,False,False,False,ATTENTIVE
26.741,442,0.1994,0.3372,closed,14,0.1108,0,0.2,True,2.97,ALERT,0.1367,0.0,0,2.99,5.53,1.24,0.734,0.414,False,False,False,0,False,False,False,ATTENTIVE
26.773,443,0.2094,0.3488,open,15,0.1055,0,0.2,True,2.95,ALERT,0.138,0.0,0,2.96,6.1,1.07,0.734,0.414,False,False,False,0,False,False,False,ATTENTIVE
26.809,444,0.2508,0.4488,open,15,0.1055,0,0.2,True,2.95,ALERT,0.1378,0.0,0,4.69,5.05,0.48,0.685,0.419,False,False,False,0,False,False,False,ATTENTIVE
26.888,445,0.282,0.3464,open,15,0.1055,0,0.2,True,2.94,ALERT,0.1374,0.0,0,6.43,3.54,0.74,0.685,0.419,False,False,False,0,False,False,False,ATTENTIVE
26.957,446,0.245,0.2797,open,15,0.1055,0,0.2,True,2.93,ALERT,0.1369,0.0,0,6.91,4.97,0.95,0.681,0.369,False,False,False,0,False,False,False,ATTENTIVE
26.996,447,0.2547,0.3126,open,15,0.1055,0,0.2,True,2.93,ALERT,0.1367,0.0,0,6.59,6.08,1.34,0.681,0.369,False,False,False,0,False,False,False,ATTENTIVE
27.055,448,0.2555,0.3271,open,15,0.1055,0,0.2,True,2.92,ALERT,0.1363,0.0,0,6.29,6.35,1.7,0.673,0.4,False,False,False,0,False,False,False,ATTENTIVE
27.097,449,0.2713,0.3108,open,15,0.1055,0,0.2,True,2.92,ALERT,0.1361,0.0,0,7.72,7.19,2.13,0.673,0.4,False,False,False,0,False,False,False,ATTENTIVE
27.149,450,0.2506,0.3281,open,15,0.1055,0,0.2,True,2.92,ALERT,0.1357,0.0,0,10.24,6.71,3.12,0.676,0.378,False,False,False,0,False,False,False,ATTENTIVE
27.233,451,0.2559,0.3046,open,15,0.1055,0,0.2,True,2.91,ALERT,0.1352,0.0,0,10.48,7.04,3.68,0.676,0.378,False,False,False,0,False,False,False,ATTENTIVE
27.274,452,0.2773,0.365,open,15,0.1055,0,0.2,True,2.9,ALERT,0.135,0.0,0,10.78,8.66,4.01,0.67,0.4,False,False,False,0,False,False,False,ATTENTIVE
27.314,453,0.2642,0.3709,open,15,0.1055,0,0.2,True,2.9,ALERT,0.1347,0.0,0,10.9,9.96,3.71,0.67,0.4,False,False,False,0,False,False,False,ATTENTIVE
27.395,454,0.2945,0.2999,open,15,0.1055,0,0.2,True,2.89,ALERT,0.1343,0.0,0,12.44,7.07,4.43,0.656,0.393,False,False,False,0,False,False,False,ATTENTIVE
27.44,455,0.2635,0.2864,open,15,0.1055,0,0.2,True,2.89,ALERT,0.134,0.0,0,15.31,4.32,5.18,0.656,0.393,False,False,False,0,False,False,False,ATTENTIVE
27.481,456,0.2529,0.2872,open,15,0.1055,0,0.2,True,2.89,ALERT,0.1337,0.0,0,16.6,2.14,5.72,0.658,0.423,False,False,False,0,False,False,False,ATTENTIVE
27.553,457,0.2768,0.1743,open,15,0.1055,0,0.2,True,2.88,ALERT,0.1333,0.0,0,19.88,0.9,4.39,0.658,0.423,False,False,False,0,False,False,False,ATTENTIVE
27.615,458,0.2807,0.2121,open,15,0.1055,0,0.2,True,2.87,ALERT,0.1329,0.0,0,21.62,0.29,4.39,0.594,0.391,False,False,False,0,False,False,False,ATTENTIVE
27.658,459,0.2708,0.2186,open,15,0.1055,0,0.2,True,2.87,ALERT,0.1327,0.0,0,22.03,1.14,4.39,0.594,0.391,False,False,False,0,False,False,False,ATTENTIVE
27.725,460,0.2834,0.2166,open,15,0.1055,0,0.2,True,2.86,ALERT,0.1323,0.0,0,20.88,-0.13,3.5,0.516,0.273,False,False,False,0,False,False,False,ATTENTIVE
27.761,461,0.2302,0.1478,open,15,0.1055,0,0.2,True,2.86,ALERT,0.1321,0.0,0,21.53,-1.83,2.84,0.516,0.273,False,False,False,0,False,False,False,ATTENTIVE
27.801,462,0.2488,0.199,open,15,0.1055,0,0.2,True,2.86,ALERT,0.1319,0.0,0,21.69,-1.5,2.54,0.557,0.2,False,False,False,0,False,False,False,ATTENTIVE
27.881,463,0.2458,0.2065,open,15,0.1055,0,0.2,True,2.85,ALERT,0.1314,0.0,0,21.94,-0.93,2.32,0.557,0.2,False,False,False,0,False,False,False,ATTENTIVE
27.912,464,0.2807,0.2071,open,15,0.1055,0,0.2,True,2.85,ALERT,0.1312,0.0,0,22.96,-0.93,1.97,0.609,0.239,False,False,False,0,False,False,False,ATTENTIVE
27.951,465,0.2736,0.1988,open,15,0.1055,0,0.2,True,2.84,ALERT,0.131,0.0,0,23.62,0.76,1.52,0.609,0.239,False,False,False,0,False,False,False,ATTENTIVE
28.028,466,0.2707,0.2102,open,15,0.1055,0,0.2,True,2.84,ALERT,0.1306,0.0,0,23.93,1.93,1.44,0.591,0.248,False,False,False,0,False,False,False,ATTENTIVE
28.069,467,0.2629,0.2353,open,15,0.1055,0,0.2,True,2.83,ALERT,0.1303,0.0,0,22.4,2.36,1.56,0.591,0.248,False,False,False,0,False,False,False,ATTENTIVE
28.106,468,0.2608,0.2505,open,15,0.1055,0,0.2,True,2.83,ALERT,0.1301,0.0,0,22.4,2.45,2.4,0.543,0.286,False,False,False,0,False,False,False,ATTENTIVE
28.185,469,0.2724,0.2231,open,15,0.1055,0,0.2,True,2.82,ALERT,0.1297,0.0,0,19.73,0.75,4.53,0.543,0.286,False,False,False,0,False,False,False,ATTENTIVE
28.223,470,0.2218,0.2663,open,15,0.1055,0,0.2,True,2.82,ALERT,0.1295,0.0,0,14.85,-1.17,5.53,0.505,0.206,False,False,False,0,False,False,False,ATTENTIVE
28.263,471,0.2234,0.2273,open,15,0.1055,0,0.2,True,2.82,ALERT,0.1293,0.0,0,13.98,-1.45,5.93,0.505,0.206,False,False,False,0,False,False,False,ATTENTIVE
28.336,472,0.2641,0.2555,open,15,0.1055,0,0.2,True,2.81,ALERT,0.1289,0.0,0,11.08,-0.0,7.05,0.53,0.238,False,False,False,0,False,False,False,ATTENTIVE
28.368,473,0.2582,0.2432,open,15,0.1055,0,0.2,True,2.81,ALERT,0.1287,0.0,0,9.61,2.17,7.91,0.53,0.238,False,False,False,0,False,False,False,ATTENTIVE
28.416,474,0.2287,0.3164,open,15,0.1055,0,0.2,True,2.81,ALERT,0.1285,0.0,0,5.1,0.48,7.24,0.474,0.276,False,False,False,0,False,False,False,ATTENTIVE
28.491,475,0.2418,0.2917,open,15,0.1055,0,0.2,True,8.8,ALERT,0.128,0.0,1,2.02,4.38,6.58,0.474,0.276,False,False,False,0,False,False,False,ATTENTIVE
28.556,476,0.2278,0.3275,open,15,0.1055,0,0.2,True,8.79,ALERT,0.1276,0.0,1,1.56,1.27,5.11,0.454,0.221,False,False,False,0,False,False,False,ATTENTIVE
28.596,477,0.229,0.2868,open,15,0.1055,0,0.2,True,8.79,ALERT,0.1274,0.0,1,3.24,-2.22,3.77,0.454,0.221,False,False,False,0,False,False,False,ATTENTIVE
28.659,478,0.225,0.2996,open,15,0.1055,0,0.2,True,8.78,ALERT,0.1271,0.0,1,4.66,-3.91,3.16,0.409,0.239,False,False,False,0,False,False,False,ATTENTIVE
28.695,479,0.2297,0.273,open,15,0.1055,0,0.2,True,8.78,ALERT,0.1269,0.0,1,-1.36,1.63,3.6,0.409,0.239,False,False,False,0,False,False,False,ATTENTIVE
28.751,480,0.2531,0.2957,open,15,0.1055,0,0.2,True,8.78,ALERT,0.1266,0.0,1,-4.34,4.39,3.31,0.526,0.336,False,False,False,0,False,False,False,ATTENTIVE
28.853,481,0.229,0.2784,open,15,0.1055,0,0.2,True,8.77,ALERT,0.126,0.0,1,-6.12,5.71,2.93,0.526,0.336,False,False,False,0,False,False,False,ATTENTIVE
28.893,482,0.209,0.2972,open,15,0.1055,0,0.2,True,8.77,ALERT,0.1259,0.0,1,-8.04,7.54,3.39,0.586,0.463,False,False,False,0,False,False,False,ATTENTIVE
28.934,483,0.2174,0.2998,open,15,0.1055,0,0.2,True,8.76,ALERT,0.1257,0.0,1,-9.15,9.13,3.59,0.586,0.463,False,False,False,0,False,False,False,ATTENTIVE
29.011,484,0.2154,0.2845,open,15,0.1055,0,0.2,True,8.76,ALERT,0.1253,0.0,1,-10.5,8.42,3.8,0.627,0.508,False,False,False,0,False,False,False,ATTENTIVE
29.059,485,0.221,0.3885,open,15,0.1055,0,0.2,True,8.75,ALERT,0.125,0.0,1,-11.92,8.33,3.99,0.627,0.508,False,False,False,0,False,False,False,ATTENTIVE
29.099,486,0.226,0.3772,open,15,0.1055,0,0.2,True,8.75,ALERT,0.1248,0.0,1,-13.04,8.7,3.95,0.653,0.579,False,False,False,0,False,False,False,ATTENTIVE
29.232,487,0.2287,0.3353,open,15,0.1055,0,0.2,True,8.74,ALERT,0.1241,0.0,1,-14.35,8.77,4.18,0.653,0.579,False,False,False,0,False,False,False,ATTENTIVE
29.269,488,0.2231,0.3622,open,15,0.1055,0,0.2,True,8.74,ALERT,0.1239,0.0,1,-15.13,8.62,4.2,0.737,0.602,False,False,False,0,False,False,False,ATTENTIVE
29.301,489,0.2328,0.3414,open,15,0.1055,0,0.2,True,8.74,ALERT,0.1237,0.0,1,-15.84,8.55,4.16,0.737,0.602,False,False,False,0,False,False,False,ATTENTIVE
29.374,490,0.2219,0.2878,open,15,0.1055,0,0.2,True,8.73,ALERT,0.1234,0.0,1,-15.11,8.09,3.69,0.772,0.595,False,False,False,0,False,False,False,ATTENTIVE
29.422,491,0.2245,0.3475,open,15,0.1055,0,0.2,True,8.73,ALERT,0.1231,0.0,1,-14.23,8.24,3.3,0.772,0.595,False,False,False,0,False,False,False,ATTENTIVE
29.459,492,0.2226,0.3385,open,15,0.1055,0,0.2,True,8.72,ALERT,0.123,0.0,1,-13.34,8.57,3.15,0.81,0.537,False,False,False,0,False,False,False,ATTENTIVE
29.528,493,0.229,0.3209,open,15,0.1055,0,0.2,True,8.72,ALERT,0.1226,0.0,1,-11.65,8.63,3.27,0.81,0.537,False,False,False,0,False,False,False,ATTENTIVE
29.566,494,0.2303,0.3171,open,15,0.1055,0,0.2,True,8.72,ALERT,0.1224,0.0,1,-10.38,8.83,3.35,0.807,0.547,False,False,False,0,False,False,False,ATTENTIVE
29.611,495,0.2288,0.3963,open,15,0.1055,0,0.2,True,8.71,ALERT,0.1222,0.0,1,-10.85,9.37,3.46,0.807,0.547,False,False,False,0,False,False,False,ATTENTIVE
29.682,496,0.2338,0.4004,open,15,0.1055,0,0.2,True,8.71,ALERT,0.1219,0.0,1,-11.24,9.77,3.63,0.83,0.551,False,False,False,0,False,False,False,ATTENTIVE
29.722,497,0.2342,0.3028,open,15,0.1055,0,0.2,True,8.7,ALERT,0.1216,0.0,1,-9.84,13.09,1.92,0.83,0.551,False,False,False,0,False,False,False,ATTENTIVE
29.763,498,0.2552,0.4074,open,15,0.1055,0,0.2,True,8.7,ALERT,0.1215,0.0,1,-11.57,19.74,0.45,0.881,0.503,False,False,False,0,False,False,False,ATTENTIVE
29.839,499,0.248,0.3627,open,15,0.1055,0,0.2,True,8.7,ALERT,0.1211,0.0,1,-13.81,24.73,-0.65,0.881,0.503,False,False,False,0,False,False,False,ATTENTIVE
29.881,500,0.231,0.2139,open,15,0.1055,0,0.2,True,8.69,ALERT,0.1209,0.0,1,-13.5,27.05,-1.75,0.917,0.362,False,False,False,0,False,False,False,ATTENTIVE
29.914,501,0.2317,0.3348,open,15,0.1055,0,0.2,True,8.69,ALERT,0.1207,0.0,1,-13.88,29.81,-3.3,0.917,0.362,False,False,False,0,False,False,False,ATTENTIVE
29.974,502,,,unknown,15,0.1055,0,0.0,False,8.69,ALERT,0.1204,0.0,1,0.0,0.0,0.0,0.917,0.362,False,False,False,0,False,False,False,ATTENTIVE
30.019,503,,,unknown,15,0.1055,0,0.0,False,8.68,ALERT,0.1202,0.0,1,0.0,0.0,0.0,0.917,0.362,False,False,False,0,False,False,False,ATTENTIVE
30.064,504,,,unknown,15,0.1055,0,0.0,False,8.68,ALERT,0.1201,0.0,1,0.0,0.0,0.0,0.917,0.362,False,False,False,0,False,False,False,ATTENTIVE
30.125,505,,,unknown,15,0.1055,0,0.0,False,8.67,ALERT,0.1197,0.0,1,0.0,0.0,0.0,0.917,0.362,False,False,False,0,False,False,False,ATTENTIVE
30.154,506,,,unknown,15,0.1055,0,0.0,False,8.67,ALERT,0.1196,0.0,1,0.0,0.0,0.0,0.917,0.362,False,False,False,0,False,False,False,ATTENTIVE
30.186,507,,,unknown,15,0.1055,0,0.0,False,8.67,ALERT,0.1194,0.0,1,0.0,0.0,0.0,0.917,0.362,False,False,False,0,False,False,False,ATTENTIVE
30.258,508,,,unknown,15,0.1055,0,0.0,False,8.67,ALERT,0.1191,0.0,1,0.0,0.0,0.0,0.917,0.362,False,False,False,0,False,False,False,ATTENTIVE
30.291,509,,,unknown,15,0.1055,0,0.0,False,8.66,ALERT,0.119,0.0,1,0.0,0.0,0.0,0.917,0.362,False,False,False,0,False,False,False,ATTENTIVE
30.323,510,,,unknown,15,0.1055,0,0.0,False,8.66,ALERT,0.1188,0.0,1,0.0,0.0,0.0,0.917,0.362,False,False,False,0,False,False,False,ATTENTIVE
30.371,511,,,unknown,15,0.1055,0,0.0,False,8.66,ALERT,0.1185,0.0,1,0.0,0.0,0.0,0.917,0.362,False,False,False,0,False,False,False,ATTENTIVE
30.421,512,,,unknown,15,0.1055,0,0.0,False,8.65,ALERT,0.1183,0.0,1,0.0,0.0,0.0,0.917,0.362,False,False,False,0,False,False,False,ATTENTIVE
30.458,513,,,unknown,15,0.1055,0,0.0,False,8.65,ALERT,0.1182,0.0,1,0.0,0.0,0.0,0.917,0.362,False,False,False,0,False,False,False,ATTENTIVE
30.528,514,,,unknown,15,0.1055,0,0.0,False,8.65,ALERT,0.1178,0.0,1,0.0,0.0,0.0,0.917,0.362,False,False,False,0,False,False,False,ATTENTIVE
30.559,515,,,unknown,15,0.1055,0,0.0,False,8.64,ALERT,0.1177,0.0,1,0.0,0.0,0.0,0.917,0.362,False,False,False,0,False,False,False,ATTENTIVE
30.579,516,,,unknown,15,0.1055,0,0.0,False,8.64,ALERT,0.1175,0.0,1,0.0,0.0,0.0,0.917,0.362,False,False,False,0,False,False,False,ATTENTIVE
30.618,517,,,unknown,15,0.1055,0,0.0,False,8.64,ALERT,0.1174,0.0,1,0.0,0.0,0.0,0.917,0.362,False,False,False,0,False,False,False,ATTENTIVE
30.644,518,,,unknown,15,0.1055,0,0.0,False,8.64,ALERT,0.1173,0.0,1,0.0,0.0,0.0,0.917,0.362,False,False,False,0,False,False,False,ATTENTIVE
30.677,519,,,unknown,15,0.1055,0,0.0,False,8.64,ALERT,0.1172,0.0,1,0.0,0.0,0.0,0.917,0.362,False,False,False,0,False,False,False,ATTENTIVE
30.734,520,,,unknown,15,0.1055,0,0.0,False,8.63,ALERT,0.1169,0.0,1,0.0,0.0,0.0,0.917,0.362,False,False,False,0,False,False,False,ATTENTIVE
30.757,521,,,unknown,15,0.1055,0,0.0,False,8.63,ALERT,0.1168,0.0,1,0.0,0.0,0.0,0.917,0.362,False,False,False,0,False,False,False,ATTENTIVE
30.784,522,,,unknown,15,0.1055,0,0.0,False,8.63,ALERT,0.1167,0.0,1,0.0,0.0,0.0,0.917,0.362,False,False,False,0,False,False,False,ATTENTIVE
30.854,523,,,unknown,15,0.1055,0,0.0,False,8.62,ALERT,0.1164,0.0,1,0.0,0.0,0.0,0.917,0.362,False,False,False,0,False,False,False,ATTENTIVE
30.886,524,,,unknown,15,0.1055,0,0.0,False,8.62,ALERT,0.1162,0.0,1,0.0,0.0,0.0,0.917,0.362,False,False,False,0,False,False,False,ATTENTIVE
30.919,525,,,unknown,15,0.1055,0,0.0,False,8.62,ALERT,0.1161,0.0,1,0.0,0.0,0.0,0.917,0.362,False,False,False,0,False,False,False,ATTENTIVE
30.984,526,0.4663,0.6489,open,15,0.1055,0,0.2,True,8.62,ALERT,0.1158,0.0,1,48.22,36.02,-162.78,0.642,0.554,False,False,False,0,False,False,False,ATTENTIVE
31.026,527,0.5826,0.6134,open,15,0.1055,0,0.2,True,8.61,ALERT,0.1156,0.0,1,-1.59,34.76,-58.71,0.642,0.554,False,False,False,0,False,False,False,ATTENTIVE
31.071,528,0.4944,0.4926,open,15,0.1055,0,0.2,True,8.61,ALERT,0.1154,0.0,1,11.63,-2.88,-44.06,0.749,0.388,False,False,False,0,False,False,False,ATTENTIVE
31.142,529,0.4183,0.4047,open,15,0.1055,0,0.2,True,8.61,ALERT,0.1151,0.0,1,4.37,16.98,-35.36,0.749,0.388,False,False,False,0,False,False,False,ATTENTIVE
31.182,530,0.4535,0.4786,open,15,0.1055,0,0.2,True,8.6,ALERT,0.1149,0.0,1,-0.44,29.43,-29.82,0.824,0.271,False,False,False,0,False,False,False,ATTENTIVE
31.218,531,0.4396,0.5963,open,15,0.1055,0,0.2,True,8.6,ALERT,0.1147,0.0,1,-4.51,36.98,-26.56,0.824,0.271,False,False,False,0,False,False,False,ATTENTIVE
31.293,532,0.3887,0.4849,open,15,0.1055,0,0.2,True,8.6,ALERT,0.1144,0.0,1,-7.8,40.85,-24.34,0.877,0.19,False,False,False,0,False,False,False,ATTENTIVE
31.333,533,0.5175,0.5412,open,15,0.1055,0,0.2,True,8.59,ALERT,0.1142,0.0,1,-8.14,43.61,-22.97,0.877,0.19,False,False,False,0,False,False,False,ATTENTIVE
31.375,534,0.5307,0.4693,open,15,0.1055,0,0.2,True,8.59,ALERT,0.1141,0.0,1,-8.21,45.75,-22.06,0.914,0.133,False,False,False,0,False,False,False,ATTENTIVE
31.458,535,0.4798,0.4521,open,15,0.1055,0,0.2,True,8.58,ALERT,0.1137,0.0,1,-7.65,46.73,-21.39,0.914,0.133,False,False,False,0,False,False,False,ATTENTIVE
31.498,536,0.5073,0.5361,open,15,0.1055,0,0.2,True,8.58,ALERT,0.1135,0.0,1,-8.06,48.13,-20.68,0.94,0.093,False,False,False,0,False,False,False,ATTENTIVE
31.548,537,0.557,0.5541,open,15,0.1055,0,0.2,True,8.58,ALERT,0.1133,0.0,1,-7.66,48.67,-20.86,0.94,0.093,False,False,False,0,False,False,False,ATTENTIVE
31.619,538,0.5661,0.4719,open,15,0.1055,0,0.2,True,8.57,ALERT,0.113,0.0,1,-6.57,48.55,-21.69,0.958,0.065,False,False,False,0,False,False,False,ATTENTIVE
31.657,539,,,unknown,15,0.1055,0,0.0,False,8.57,ALERT,0.1128,0.0,1,0.0,0.0,0.0,0.958,0.065,False,False,False,0,False,False,False,ATTENTIVE
31.689,540,,,unknown,15,0.1055,0,0.0,False,8.57,ALERT,0.1127,0.0,1,0.0,0.0,0.0,0.958,0.065,False,False,False,0,False,False,False,ATTENTIVE
31.75,541,0.3492,0.3154,open,15,0.1055,0,0.2,True,8.57,ALERT,0.1125,0.0,1,4.81,68.25,178.01,0.958,0.065,False,False,False,0,False,False,False,ATTENTIVE
31.779,542,0.4046,0.3101,open,15,0.1055,0,0.2,True,8.56,ALERT,0.1123,0.0,1,0.63,66.77,172.99,0.97,0.046,False,False,False,0,False,False,False,ATTENTIVE
31.819,543,0.5069,0.5803,open,15,0.1055,0,0.2,True,8.56,ALERT,0.1122,0.0,1,6.86,20.11,98.78,0.97,0.046,False,False,False,0,False,False,False,ATTENTIVE
31.901,544,0.4682,0.5211,open,15,0.1055,0,0.2,True,8.56,ALERT,0.1118,0.0,1,1.8,31.32,52.16,0.979,0.032,False,False,False,0,False,False,False,ATTENTIVE
31.943,545,0.5374,0.5656,open,15,0.1055,0,0.2,True,8.55,ALERT,0.1117,0.0,1,-1.81,38.25,23.38,0.979,0.032,False,False,False,0,False,False,False,ATTENTIVE
31.981,546,0.586,0.6949,open,15,0.1055,0,0.2,True,8.55,ALERT,0.1115,0.0,1,-5.68,43.89,6.87,0.686,0.171,False,False,False,0,False,False,False,ATTENTIVE
32.058,547,0.5788,0.902,open,15,0.1055,0,0.2,True,8.55,ALERT,0.1112,0.0,1,-8.31,48.56,-1.65,0.686,0.171,False,False,False,0,False,False,False,ATTENTIVE
32.088,548,0.4017,0.4442,open,15,0.1055,0,0.2,True,8.54,ALERT,0.111,0.0,1,-8.63,49.09,-4.25,0.78,0.355,False,False,False,0,False,False,False,ATTENTIVE
32.156,549,0.3079,0.4797,open,15,0.1055,0,0.2,True,8.54,ALERT,0.1108,0.0,1,-9.05,45.29,-5.26,0.78,0.355,False,False,False,0,False,False,False,ATTENTIVE
32.242,550,0.3489,0.4708,open,15,0.1055,0,0.2,True,8.54,ALERT,0.1104,0.0,1,-10.05,43.6,-6.6,0.846,0.248,False,False,False,0,False,False,False,ATTENTIVE
32.285,551,0.2426,0.4085,open,15,0.1055,0,0.2,True,8.53,ALERT,0.1103,0.0,1,-11.1,37.5,-5.76,0.846,0.248,False,False,False,0,False,False,False,ATTENTIVE
32.325,552,0.252,0.3458,open,15,0.1055,0,0.2,True,8.53,ALERT,0.1101,0.0,1,-12.06,34.01,-5.53,0.892,0.174,False,False,False,0,False,False,False,ATTENTIVE
32.405,553,0.2348,0.3394,open,15,0.1055,0,0.2,True,8.53,ALERT,0.1098,0.0,1,-8.1,25.25,-5.1,0.892,0.174,False,False,False,0,False,False,False,ATTENTIVE
32.446,554,0.2423,0.4005,open,15,0.1055,0,0.2,True,8.52,ALERT,0.1096,0.0,1,-5.02,20.97,-4.29,0.87,0.157,False,False,False,0,False,False,False,ATTENTIVE
32.479,555,0.2111,0.4096,open,15,0.1055,0,0.2,True,8.52,ALERT,0.1095,0.0,1,-3.15,19.29,-3.84,0.87,0.157,False,False,False,0,False,False,False,ATTENTIVE
32.546,556,0.1979,0.3176,closed,15,0.1055,0,0.2,True,8.52,ALERT,0.1092,0.0,1,-3.1,16.52,-4.03,0.829,0.222,False,False,False,0,False,False,False,ATTENTIVE
32.588,557,0.1897,0.3378,closed,15,0.1055,0,0.2,True,8.74,ALERT,0.1105,0.0,1,-2.89,15.04,-4.25,0.829,0.222,False,False,False,0,False,False,False,ATTENTIVE
32.631,558,0.2019,0.3817,closed,15,0.1055,0,0.2,True,8.97,ALERT,0.1119,0.0,1,-1.87,13.26,-3.85,0.769,0.221,False,False,False,0,False,False,False,ATTENTIVE
32.71,559,0.1954,0.3543,closed,15,0.1055,0,0.2,True,9.41,ALERT,0.1145,0.0,1,-1.64,13.38,-2.71,0.769,0.221,False,False,False,0,False,False,False,ATTENTIVE
32.747,560,0.195,0.359,closed,15,0.1055,0,0.2,True,9.63,ALERT,0.1157,0.0,1,-0.22,11.5,-1.86,0.721,0.199,False,True,False,0,False,False,False,ATTENTIVE
32.781,561,0.2179,0.3547,open,16,0.1136,0,0.2,True,8.7,ALERT,0.1168,0.0,1,0.39,11.08,-1.2,0.721,0.199,False,True,False,0,False,False,False,ATTENTIVE
32.845,562,0.22,0.3463,open,16,0.1136,0,0.2,True,8.69,ALERT,0.1165,0.0,1,1.14,10.3,-0.62,0.707,0.222,False,True,False,0,False,False,False,ATTENTIVE
32.88,563,0.2127,0.3514,open,16,0.1136,0,0.2,True,8.69,ALERT,0.1163,0.0,1,0.03,11.3,-0.82,0.707,0.222,False,True,False,0,False,False,False,ATTENTIVE
32.918,564,0.2056,0.3603,open,16,0.1136,0,0.2,True,8.69,ALERT,0.1162,0.0,1,-0.76,12.19,-0.94,0.743,0.175,False,True,False,0,False,False,False,ATTENTIVE
32.994,565,0.2365,0.4245,open,16,0.1136,0,0.2,True,8.68,ALERT,0.1159,0.0,1,-0.83,11.09,-0.73,0.743,0.175,False,True,False,0,False,False,False,ATTENTIVE
33.036,566,0.2438,0.3373,open,16,0.1136,0,0.2,True,8.68,ALERT,0.1157,0.0,1,1.13,7.56,0.34,0.689,0.364,False,True,False,0,False,False,False,ATTENTIVE
33.077,567,0.2311,0.3953,open,16,0.1136,0,0.2,True,8.68,ALERT,0.1155,0.0,1,2.09,5.62,0.75,0.689,0.364,False,True,False,0,False,False,False,ATTENTIVE
33.135,568,0.2359,0.3127,open,16,0.1136,0,0.2,True,8.68,ALERT,0.1153,0.0,1,6.96,0.48,1.1,0.545,0.481,False,True,False,0,False,False,False,ATTENTIVE
33.162,569,0.238,0.3385,open,16,0.1136,0,0.2,True,8.67,ALERT,0.1152,0.0,1,9.03,-3.08,1.12,0.545,0.481,False,True,False,0,False,False,False,ATTENTIVE
33.196,570,0.2417,0.3275,open,16,0.1136,0,0.2,True,8.67,ALERT,0.115,0.0,1,9.34,-7.08,0.69,0.381,0.586,False,True,False,0,False,False,False,ATTENTIVE
33.275,571,0.2293,0.3728,open,16,0.1136,0,0.2,True,8.67,ALERT,0.1147,0.0,1,9.69,-9.86,0.19,0.381,0.586,False,True,False,0,False,False,True,ATTENTIVE
33.315,572,0.2663,0.3257,open,16,0.1136,0,0.2,True,8.67,ALERT,0.1146,0.0,1,5.94,-13.34,1.7,0.267,0.683,False,True,False,0,False,False,False,ATTENTIVE
33.358,573,0.2582,0.3216,open,16,0.1136,0,0.2,True,8.66,ALERT,0.1144,0.0,1,2.86,-14.21,2.94,0.267,0.683,False,True,False,0,False,False,False,ATTENTIVE
33.488,574,0.226,0.316,open,16,0.1136,0,0.2,True,8.65,ALERT,0.1139,0.0,1,1.21,-15.4,2.91,0.195,0.778,False,False,False,0,False,False,False,ATTENTIVE
33.522,575,0.2285,0.292,open,16,0.1136,0,0.2,True,8.65,ALERT,0.1137,0.0,1,0.02,-15.8,2.97,0.195,0.778,False,False,False,0,False,False,False,ATTENTIVE
33.566,576,0.2246,0.3148,open,16,0.1136,0,0.2,True,8.65,ALERT,0.1136,0.0,1,-0.92,-15.83,2.98,0.142,0.816,False,False,False,0,False,False,False,ATTENTIVE
33.648,577,0.2272,0.3229,open,16,0.1136,0,0.2,True,8.65,ALERT,0.1132,0.0,1,-1.49,-15.9,3.13,0.142,0.816,False,False,False,0,False,False,False,ATTENTIVE
33.692,578,0.2261,0.2995,open,16,0.1136,0,0.2,True,8.64,ALERT,0.1131,0.0,1,-1.34,-14.77,3.27,0.176,0.861,False,False,False,0,False,False,False,ATTENTIVE
33.733,579,0.2341,0.3,open,16,0.1136,0,0.2,True,8.64,ALERT,0.1129,0.0,1,-0.68,-14.45,3.3,0.176,0.861,False,False,False,0,False,False,False,ATTENTIVE
33.811,580,0.2432,0.3026,open,16,0.1136,0,0.2,True,8.64,ALERT,0.1126,0.0,1,0.08,-15.27,3.03,0.139,0.903,False,False,False,0,False,False,False,ATTENTIVE
33.847,581,0.2252,0.3424,open,16,0.1136,0,0.2,True,8.63,ALERT,0.1124,0.0,1,-0.35,-15.22,3.53,0.139,0.903,False,False,False,0,False,False,False,ATTENTIVE
33.888,582,0.2229,0.3227,open,16,0.1136,0,0.2,True,8.63,ALERT,0.1123,0.0,1,-1.52,-15.1,3.91,0.107,0.839,False,False,False,0,False,False,False,ATTENTIVE
33.953,583,0.2456,0.3355,open,16,0.1136,0,0.2,True,8.63,ALERT,0.112,0.0,1,-1.81,-15.65,4.12,0.107,0.839,False,False,False,0,False,False,False,ATTENTIVE
33.989,584,0.2391,0.3288,open,16,0.1136,0,0.2,True,8.63,ALERT,0.1119,0.0,1,-1.85,-15.85,4.21,0.075,0.824,False,False,False,0,False,False,False,ATTENTIVE
34.029,585,0.2464,0.2999,open,16,0.1136,0,0.2,True,8.62,ALERT,0.1117,0.0,1,-0.86,-15.91,3.98,0.075,0.824,False,False,False,0,False,False,False,ATTENTIVE
34.099,586,0.2321,0.3016,open,16,0.1136,0,0.2,True,8.62,ALERT,0.1115,0.0,1,0.15,-16.53,3.53,0.052,0.877,False,False,False,0,False,False,False,ATTENTIVE
34.132,587,0.2483,0.3276,open,16,0.1136,0,0.2,True,8.62,ALERT,0.1113,0.0,1,0.79,-17.35,3.2,0.052,0.877,False,False,False,0,False,False,False,ATTENTIVE
34.167,588,0.3042,0.2754,open,16,0.1136,0,0.2,True,8.62,ALERT,0.1112,0.0,1,6.66,-23.15,2.32,0.037,0.678,False,False,False,0,False,False,False,ATTENTIVE
34.238,589,0.3056,0.2964,open,16,0.1136,0,0.2,True,8.61,ALERT,0.1109,0.0,1,10.14,-25.56,2.1,0.037,0.678,False,False,False,0,False,False,False,ATTENTIVE
34.271,590,0.305,0.2208,open,16,0.1136,0,0.2,True,8.61,ALERT,0.1108,0.0,1,11.43,-28.26,2.63,0.026,0.584,False,False,False,0,False,False,False,ATTENTIVE
34.301,591,0.3119,0.271,open,16,0.1136,0,0.2,True,8.61,ALERT,0.1107,0.0,1,11.89,-31.1,3.07,0.026,0.584,False,False,False,0,False,False,False,ATTENTIVE
34.368,592,,,unknown,16,0.1136,0,0.0,False,8.6,ALERT,0.1105,0.0,1,0.0,0.0,0.0,0.026,0.584,False,False,False,0,False,False,False,ATTENTIVE
34.424,593,,,unknown,16,0.1136,0,0.0,False,8.6,ALERT,0.1102,0.0,1,0.0,0.0,0.0,0.026,0.584,False,False,False,0,False,False,False,ATTENTIVE
34.449,594,,,unknown,16,0.1136,0,0.0,False,8.6,ALERT,0.1102,0.0,1,0.0,0.0,0.0,0.026,0.584,False,False,False,0,False,False,False,ATTENTIVE
34.502,595,,,unknown,16,0.1136,0,0.0,False,8.6,ALERT,0.1099,0.0,1,0.0,0.0,0.0,0.026,0.584,False,False,False,0,False,False,False,ATTENTIVE
34.524,596,,,unknown,16,0.1136,0,0.0,False,8.59,ALERT,0.1099,0.0,1,0.0,0.0,0.0,0.026,0.584,False,False,False,0,False,False,False,ATTENTIVE
34.546,597,,,unknown,16,0.1136,0,0.0,False,8.59,ALERT,0.1098,0.0,1,0.0,0.0,0.0,0.026,0.584,False,False,False,0,False,False,False,ATTENTIVE
34.586,598,,,unknown,16,0.1136,0,0.0,False,8.59,ALERT,0.1096,0.0,1,0.0,0.0,0.0,0.026,0.584,False,False,False,0,False,False,False,ATTENTIVE
34.611,599,,,unknown,16,0.1136,0,0.0,False,8.59,ALERT,0.1095,0.0,1,0.0,0.0,0.0,0.026,0.584,False,False,False,0,False,False,False,ATTENTIVE
34.626,600,,,unknown,16,0.1136,0,0.0,False,8.59,ALERT,0.1095,0.0,1,0.0,0.0,0.0,0.026,0.584,False,False,False,0,False,False,False,ATTENTIVE
34.709,601,,,unknown,16,0.1136,0,0.0,False,8.58,ALERT,0.1092,0.0,1,0.0,0.0,0.0,0.026,0.584,False,False,False,0,False,False,False,ATTENTIVE
34.741,602,,,unknown,16,0.1136,0,0.0,False,8.58,ALERT,0.1091,0.0,1,0.0,0.0,0.0,0.026,0.584,False,False,False,0,False,False,False,ATTENTIVE
34.773,603,,,unknown,16,0.1136,0,0.0,False,8.58,ALERT,0.109,0.0,1,0.0,0.0,0.0,0.026,0.584,False,False,False,0,False,False,False,ATTENTIVE
34.838,604,,,unknown,16,0.1136,0,0.0,False,8.58,ALERT,0.1087,0.0,1,0.0,0.0,0.0,0.026,0.584,False,False,False,0,False,False,False,ATTENTIVE
34.867,605,,,unknown,16,0.1136,0,0.0,False,8.58,ALERT,0.1086,0.0,1,0.0,0.0,0.0,0.026,0.584,False,False,False,0,False,False,False,ATTENTIVE
34.925,606,,,unknown,16,0.1136,0,0.0,False,8.57,ALERT,0.1084,0.0,1,0.0,0.0,0.0,0.026,0.584,False,False,False,0,False,False,False,ATTENTIVE
34.999,607,,,unknown,16,0.1136,0,0.0,False,8.57,ALERT,0.1082,0.0,1,0.0,0.0,0.0,0.026,0.584,False,False,False,0,False,False,False,ATTENTIVE
35.03,608,,,unknown,16,0.1136,0,0.0,False,8.57,ALERT,0.1081,0.0,1,0.0,0.0,0.0,0.026,0.584,False,False,False,0,False,False,False,ATTENTIVE
35.058,609,,,unknown,16,0.1136,0,0.0,False,8.57,ALERT,0.1079,0.0,1,0.0,0.0,0.0,0.026,0.584,False,False,False,0,False,False,False,ATTENTIVE
35.132,610,,,unknown,16,0.1136,0,0.0,False,8.56,ALERT,0.1077,0.0,1,0.0,0.0,0.0,0.026,0.584,False,False,False,0,False,False,False,ATTENTIVE
35.163,611,,,unknown,16,0.1136,0,0.0,False,8.56,ALERT,0.1076,0.0,1,0.0,0.0,0.0,0.026,0.584,False,False,False,0,False,False,False,ATTENTIVE
35.188,612,,,unknown,16,0.1136,0,0.0,False,8.56,ALERT,0.1075,0.0,1,0.0,0.0,0.0,0.026,0.584,False,False,False,0,False,False,False,ATTENTIVE
35.235,613,,,unknown,16,0.1136,0,0.0,False,8.56,ALERT,0.1073,0.0,1,0.0,0.0,0.0,0.026,0.584,False,False,False,0,False,False,False,ATTENTIVE
35.259,614,,,unknown,16,0.1136,0,0.0,False,8.55,ALERT,0.1072,0.0,1,0.0,0.0,0.0,0.026,0.584,False,False,False,0,False,False,False,ATTENTIVE
35.285,615,,,unknown,16,0.1136,0,0.0,False,8.55,ALERT,0.1071,0.0,1,0.0,0.0,0.0,0.026,0.584,False,False,False,0,False,False,False,ATTENTIVE
35.333,616,,,unknown,16,0.1136,0,0.0,False,8.55,ALERT,0.107,0.0,1,0.0,0.0,0.0,0.026,0.584,False,False,False,0,False,False,False,ATTENTIVE
35.366,617,,,unknown,16,0.1136,0,0.0,False,8.55,ALERT,0.1069,0.0,1,0.0,0.0,0.0,0.026,0.584,False,False,False,0,False,False,False,ATTENTIVE
35.397,618,,,unknown,16,0.1136,0,0.0,False,8.55,ALERT,0.1067,0.0,1,0.0,0.0,0.0,0.026,0.584,False,False,False,0,False,False,False,ATTENTIVE
35.464,619,,,unknown,16,0.1136,0,0.0,False,8.54,ALERT,0.1065,0.0,1,0.0,0.0,0.0,0.026,0.584,False,False,False,0,False,False,False,ATTENTIVE
35.499,620,,,unknown,16,0.1136,0,0.0,False,8.54,ALERT,0.1064,0.0,1,0.0,0.0,0.0,0.026,0.584,False,False,False,0,False,False,False,ATTENTIVE
35.53,621,,,unknown,16,0.1136,0,0.0,False,8.54,ALERT,0.1063,0.0,1,0.0,0.0,0.0,0.026,0.584,False,False,False,0,False,False,False,ATTENTIVE
35.6,622,,,unknown,16,0.1136,0,0.0,False,8.54,ALERT,0.106,0.0,1,0.0,0.0,0.0,0.026,0.584,False,False,False,0,False,False,False,ATTENTIVE
35.634,623,,,unknown,16,0.1136,0,0.0,False,8.54,ALERT,0.1059,0.0,1,0.0,0.0,0.0,0.026,0.584,False,False,False,0,False,False,False,ATTENTIVE
35.663,624,,,unknown,16,0.1136,0,0.0,False,8.53,ALERT,0.1058,0.0,1,0.0,0.0,0.0,0.026,0.584,False,False,False,0,False,False,False,ATTENTIVE
35.733,625,,,unknown,16,0.1136,0,0.0,False,8.53,ALERT,0.1056,0.0,1,0.0,0.0,0.0,0.026,0.584,False,False,False,0,False,False,False,ATTENTIVE
35.754,626,,,unknown,16,0.1136,0,0.0,False,8.53,ALERT,0.1055,0.0,1,0.0,0.0,0.0,0.026,0.584,False,False,False,0,False,False,False,ATTENTIVE
35.777,627,0.3346,0.5452,open,16,0.1136,0,0.2,True,8.53,ALERT,0.1054,0.0,1,-10.58,-39.23,29.66,0.026,0.584,True,False,False,0,False,False,False,ATTENTIVE
35.856,628,0.3043,0.5566,open,16,0.1136,0,0.2,True,8.52,ALERT,0.1052,0.0,1,-11.04,-39.08,32.1,0.018,0.708,True,True,False,0,False,False,False,ATTENTIVE
35.889,629,0.2834,0.4663,open,16,0.1136,0,0.2,True,8.52,ALERT,0.105,0.0,1,-11.39,-37.98,35.38,0.018,0.708,True,True,False,0,False,False,False,ATTENTIVE
35.914,630,,,unknown,16,0.1136,0,0.0,False,8.52,ALERT,0.1049,0.0,1,0.0,0.0,0.0,0.018,0.708,False,True,False,0,False,False,False,ATTENTIVE
35.974,631,,,unknown,16,0.1136,0,0.0,False,8.52,ALERT,0.1047,0.0,1,0.0,0.0,0.0,0.018,0.708,False,True,False,0,False,False,False,ATTENTIVE
36.034,632,,,unknown,16,0.1136,0,0.0,False,8.52,ALERT,0.1046,0.0,1,0.0,0.0,0.0,0.018,0.708,False,True,False,0,False,False,False,ATTENTIVE
36.056,633,,,unknown,16,0.1136,0,0.0,False,8.51,ALERT,0.1045,0.0,1,0.0,0.0,0.0,0.018,0.708,False,True,False,0,False,False,False,ATTENTIVE
36.109,634,,,unknown,16,0.1136,0,0.0,False,8.51,ALERT,0.1043,0.0,1,0.0,0.0,0.0,0.018,0.708,False,True,False,0,False,False,False,ATTENTIVE
36.143,635,,,unknown,16,0.1136,0,0.0,False,8.51,ALERT,0.1042,0.0,1,0.0,0.0,0.0,0.018,0.708,False,True,False,0,False,False,False,ATTENTIVE
36.168,636,,,unknown,16,0.1136,0,0.0,False,8.51,ALERT,0.1041,0.0,1,0.0,0.0,0.0,0.018,0.708,False,True,False,0,False,False,False,ATTENTIVE
36.221,637,,,unknown,16,0.1136,0,0.0,False,8.51,ALERT,0.1039,0.0,1,0.0,0.0,0.0,0.018,0.708,False,True,False,0,False,False,False,ATTENTIVE
36.251,638,,,unknown,16,0.1136,0,0.0,False,8.5,ALERT,0.1038,0.0,1,0.0,0.0,0.0,0.018,0.708,False,True,False,0,False,False,False,ATTENTIVE
36.285,639,,,unknown,16,0.1136,0,0.0,False,8.5,ALERT,0.1037,0.0,1,0.0,0.0,0.0,0.018,0.708,False,True,False,0,False,False,False,ATTENTIVE
36.342,640,,,unknown,16,0.1136,0,0.0,False,8.5,ALERT,0.1035,0.0,1,0.0,0.0,0.0,0.018,0.708,False,True,False,0,False,False,True,ATTENTIVE
36.378,641,,,unknown,16,0.1136,0,0.0,False,8.5,ALERT,0.1034,0.0,1,0.0,0.0,0.0,0.018,0.708,False,True,False,0,False,False,False,ATTENTIVE
36.409,642,,,unknown,16,0.1136,0,0.0,False,8.5,ALERT,0.1033,0.0,1,0.0,0.0,0.0,0.018,0.708,False,True,False,0,False,False,False,ATTENTIVE
36.461,643,,,unknown,16,0.1136,0,0.0,False,8.49,ALERT,0.1031,0.0,1,0.0,0.0,0.0,0.018,0.708,False,True,False,0,False,False,False,ATTENTIVE
36.488,644,,,unknown,16,0.1136,0,0.0,False,8.49,ALERT,0.103,0.0,1,0.0,0.0,0.0,0.018,0.708,False,True,False,0,False,False,False,ATTENTIVE
36.521,645,,,unknown,16,0.1136,0,0.0,False,8.49,ALERT,0.103,0.0,1,0.0,0.0,0.0,0.018,0.708,False,True,False,0,False,False,False,ATTENTIVE
36.582,646,,,unknown,16,0.1136,0,0.0,False,8.49,ALERT,0.1028,0.0,1,0.0,0.0,0.0,0.018,0.708,False,True,False,0,False,False,False,ATTENTIVE
36.646,647,,,unknown,16,0.1136,0,0.0,False,8.48,ALERT,0.1025,0.0,1,0.0,0.0,0.0,0.018,0.708,False,True,False,0,False,False,False,ATTENTIVE
36.676,648,,,unknown,16,0.1136,0,0.0,False,8.48,ALERT,0.1024,0.0,1,0.0,0.0,0.0,0.018,0.708,False,True,False,0,False,False,False,ATTENTIVE
36.738,649,0.3488,0.4869,open,16,0.1136,0,0.2,True,8.48,ALERT,0.1022,0.0,1,-20.88,-60.78,-156.75,0.018,0.708,False,True,False,0,False,False,False,ATTENTIVE
36.775,650,,,unknown,16,0.1136,0,0.0,False,8.48,ALERT,0.1021,0.0,1,0.0,0.0,0.0,0.018,0.708,False,True,False,0,False,False,False,ATTENTIVE
36.811,651,0.2995,0.4275,open,16,0.1136,0,0.2,True,8.48,ALERT,0.102,0.0,1,-31.83,72.28,-12.76,0.018,0.708,True,True,False,0,False,False,False,ATTENTIVE
36.869,652,,,unknown,16,0.1136,0,0.0,False,8.47,ALERT,0.1018,0.0,1,0.0,0.0,0.0,0.018,0.708,False,True,False,0,False,False,False,ATTENTIVE
36.891,653,0.2925,0.4687,open,16,0.1136,0,0.2,True,8.47,ALERT,0.1017,0.0,1,12.96,-48.37,166.05,0.018,0.708,False,True,False,0,False,False,False,ATTENTIVE
36.958,654,0.3142,0.3977,open,16,0.1136,0,0.2,True,8.47,ALERT,0.1015,0.0,1,34.39,-2.95,110.08,0.013,0.585,False,True,False,0,False,False,False,ATTENTIVE
37.036,655,0.2872,0.3879,open,16,0.1136,0,0.2,True,8.47,ALERT,0.1013,0.0,1,48.89,24.87,78.08,0.013,0.585,False,True,False,0,False,False,False,ATTENTIVE
37.075,656,0.2005,0.3353,closed,16,0.1136,0,0.2,True,8.46,ALERT,0.1012,0.0,1,57.87,41.58,59.21,0.009,0.709,True,True,False,0,False,False,False,ATTENTIVE
37.116,657,0.2048,0.3476,open,17,0.1094,0,0.2,True,8.45,ALERT,0.1023,0.0,1,63.27,51.61,47.9,0.009,0.709,True,True,False,0,False,False,False,ATTENTIVE
37.182,658,0.2555,0.3987,open,17,0.1094,0,0.2,True,8.44,ALERT,0.1021,0.0,1,66.44,57.59,41.08,0.093,0.594,True,True,False,0,False,False,False,ATTENTIVE
37.219,659,0.221,0.3465,open,17,0.1094,0,0.2,True,8.44,ALERT,0.102,0.0,1,68.31,61.18,36.97,0.093,0.594,True,True,False,0,False,False,False,ATTENTIVE
37.248,660,0.1988,0.3726,closed,17,0.1094,0,0.2,True,8.44,ALERT,0.1019,0.0,1,69.41,63.32,34.5,0.169,0.416,True,True,False,0,False,False,False,ATTENTIVE
37.339,661,0.1787,0.3921,closed,17,0.1094,0,0.2,True,8.86,ALERT,0.1041,0.0,1,70.07,64.6,33.02,0.169,0.416,False,True,False,0,False,False,False,ATTENTIVE
37.379,662,0.1739,0.3838,closed,17,0.1094,0,0.2,True,9.11,ALERT,0.1053,0.0,1,70.46,65.37,32.12,0.227,0.591,False,True,False,0,False,False,False,ATTENTIVE
37.423,663,0.2208,0.3363,open,18,0.113,0,0.2,True,8.54,ALERT,0.1066,0.0,1,70.66,65.83,31.57,0.227,0.591,False,True,False,0,False,False,False,ATTENTIVE
37.497,664,0.2247,0.3353,open,18,0.113,0,0.2,True,8.54,ALERT,0.1064,0.0,1,70.82,66.11,31.28,0.298,0.541,False,True,False,0,False,False,False,ATTENTIVE
37.537,665,0.2152,0.3372,open,18,0.113,0,0.2,True,8.53,ALERT,0.1062,0.0,1,70.86,66.27,31.07,0.298,0.541,False,True,False,0,False,False,False,ATTENTIVE
37.581,666,0.2356,0.3384,open,18,0.113,0,0.2,True,8.53,ALERT,0.1061,0.0,1,70.86,66.35,30.93,0.382,0.379,False,True,False,0,False,False,False,ATTENTIVE
37.663,667,0.2184,0.3314,open,18,0.113,0,0.2,True,8.53,ALERT,0.1058,0.0,1,70.87,66.41,30.85,0.382,0.379,False,True,False,0,False,False,False,ATTENTIVE
37.694,668,0.217,0.3164,open,18,0.113,0,0.2,True,8.53,ALERT,0.1057,0.0,1,70.87,66.44,30.81,0.389,0.294,False,True,False,0,False,False,False,ATTENTIVE
37.763,669,0.2601,0.3527,open,18,0.113,0,0.2,True,8.52,ALERT,0.1055,0.0,1,70.85,66.46,30.77,0.389,0.294,False,True,False,0,False,False,False,ATTENTIVE
37.825,670,0.249,0.3291,open,18,0.113,0,0.2,True,8.52,ALERT,0.1053,0.0,1,70.85,66.47,30.77,0.399,0.357,False,False,False,0,False,False,False,ATTENTIVE
37.863,671,0.2292,0.3175,open,18,0.113,0,0.2,True,8.52,ALERT,0.1052,0.0,1,70.86,66.48,30.77,0.399,0.357,False,False,False,0,False,False,False,ATTENTIVE
37.907,672,0.2285,0.3416,open,18,0.113,0,0.2,True,8.52,ALERT,0.105,0.0,1,70.83,66.48,30.75,0.412,0.441,False,False,False,0,False,False,False,ATTENTIVE
37.994,673,0.2415,0.3391,open,18,0.113,0,0.2,True,8.51,ALERT,0.1048,0.0,1,70.84,66.48,30.77,0.412,0.441,False,False,False,0,False,False,False,ATTENTIVE
38.038,674,0.228,0.3591,open,18,0.113,0,0.2,True,8.51,ALERT,0.1046,0.0,1,70.85,66.48,30.78,0.416,0.507,False,False,False,0,False,False,False,ATTENTIVE
38.086,675,0.2175,0.3696,open,18,0.113,0,0.2,True,8.51,ALERT,0.1045,0.0,1,70.82,66.48,30.77,0.416,0.507,False,False,False,0,False,False,False,ATTENTIVE
38.154,676,0.2313,0.3573,open,18,0.113,0,0.2,True,8.51,ALERT,0.1042,0.0,1,70.84,66.48,30.8,0.403,0.579,False,False,False,0,False,False,False,ATTENTIVE
38.204,677,0.2378,0.3624,open,18,0.113,0,0.2,True,8.5,ALERT,0.1041,0.0,1,70.81,66.48,30.79,0.403,0.579,False,False,False,0,False,False,False,ATTENTIVE
38.25,678,0.1778,0.379,closed,18,0.113,0,0.2,True,8.5,ALERT,0.1039,0.0,1,70.85,66.48,30.85,0.392,0.52,False,False,False,0,False,False,False,ATTENTIVE
38.32,679,0.1764,0.2783,closed,18,0.113,0,0.2,True,8.91,ALERT,0.106,0.0,1,70.91,66.47,30.94,0.392,0.52,False,False,False,0,False,False,False,ATTENTIVE
38.351,680,0.1754,0.2634,closed,18,0.113,0,0.2,True,9.08,ALERT,0.1068,0.0,1,70.94,66.48,31.06,0.405,0.51,False,False,False,0,False,False,False,ATTENTIVE
38.394,681,0.222,0.2932,open,19,0.1146,0,0.2,True,8.57,ALERT,0.1079,0.0,1,70.98,66.48,31.15,0.405,0.51,False,False,False,0,False,False,False,ATTENTIVE
38.459,682,0.2211,0.2832,open,19,0.1146,0,0.2,True,8.57,ALERT,0.1076,0.0,1,71.02,66.48,31.24,0.418,0.367,False,False,False,0,False,False,False,ATTENTIVE
38.498,683,0.2136,0.403,open,19,0.1146,0,0.2,True,8.57,ALERT,0.1075,0.0,1,71.33,66.52,31.54,0.418,0.367,False,False,False,0,False,False,False,ATTENTIVE
38.556,684,0.2234,0.2294,open,19,0.1146,0,0.2,True,8.56,ALERT,0.1073,0.0,1,71.71,66.56,31.85,0.292,0.257,False,False,False,0,False,False,False,ATTENTIVE
38.643,685,0.2094,0.2851,open,19,0.1146,0,0.2,True,8.56,ALERT,0.107,0.0,1,72.04,66.59,32.04,0.292,0.257,False,False,False,0,False,False,False,ATTENTIVE
38.668,686,0.2057,0.2341,open,19,0.1146,0,0.2,True,8.56,ALERT,0.107,0.0,1,72.34,66.63,32.18,0.305,0.18,False,False,False,0,False,False,False,ATTENTIVE
38.703,687,0.212,0.2408,open,19,0.1146,0,0.2,True,8.56,ALERT,0.1069,0.0,1,72.57,66.65,32.26,0.305,0.18,False,False,False,0,False,False,False,ATTENTIVE
38.764,688,0.266,0.288,open,19,0.1146,0,0.2,True,8.55,ALERT,0.1067,0.0,1,72.65,66.68,32.26,0.258,0.126,False,False,False,0,False,False,False,ATTENTIVE
38.829,689,,,unknown,19,0.1146,0,0.0,False,8.55,ALERT,0.1065,0.0,1,0.0,0.0,0.0,0.258,0.126,False,False,False,0,False,False,False,ATTENTIVE
38.861,690,,,unknown,19,0.1146,0,0.0,False,8.55,ALERT,0.1064,0.0,1,0.0,0.0,0.0,0.258,0.126,False,False,False,0,False,False,False,ATTENTIVE
38.931,691,,,unknown,19,0.1146,0,0.0,False,8.55,ALERT,0.1062,0.0,1,0.0,0.0,0.0,0.258,0.126,False,False,False,0,False,False,False,ATTENTIVE
38.964,692,,,unknown,19,0.1146,0,0.0,False,8.55,ALERT,0.1061,0.0,1,0.0,0.0,0.0,0.258,0.126,False,False,False,0,False,False,False,ATTENTIVE
38.987,693,,,unknown,19,0.1146,0,0.0,False,8.54,ALERT,0.106,0.0,1,0.0,0.0,0.0,0.258,0.126,False,False,False,0,False,False,False,ATTENTIVE
39.036,694,,,unknown,19,0.1146,0,0.0,False,8.54,ALERT,0.1058,0.0,1,0.0,0.0,0.0,0.258,0.126,False,False,False,0,False,False,False,ATTENTIVE
39.065,695,,,unknown,19,0.1146,0,0.0,False,8.54,ALERT,0.1057,0.0,1,0.0,0.0,0.0,0.258,0.126,False,False,False,0,False,False,False,ATTENTIVE
39.101,696,,,unknown,19,0.1146,0,0.0,False,8.54,ALERT,0.1056,0.0,1,0.0,0.0,0.0,0.258,0.126,False,False,False,0,False,False,False,ATTENTIVE
39.178,697,,,unknown,19,0.1146,0,0.0,False,8.54,ALERT,0.1054,0.0,1,0.0,0.0,0.0,0.258,0.126,False,False,False,0,False,False,False,ATTENTIVE
39.216,698,,,unknown,19,0.1146,0,0.0,False,8.53,ALERT,0.1053,0.0,1,0.0,0.0,0.0,0.258,0.126,False,False,False,0,False,False,False,ATTENTIVE
39.241,699,0.4551,0.5107,open,19,0.1146,0,0.2,True,8.53,ALERT,0.1052,0.0,1,13.95,0.78,23.32,0.258,0.126,True,False,False,0,False,False,False,ATTENTIVE
39.296,700,,,unknown,19,0.1146,0,0.0,False,8.53,ALERT,0.105,0.0,1,0.0,0.0,0.0,0.258,0.126,False,False,False,0,False,False,False,ATTENTIVE
39.328,701,0.3893,0.3797,open,19,0.1146,0,0.2,True,8.53,ALERT,0.1049,0.0,1,7.74,-55.02,12.33,0.258,0.126,True,False,False,0,False,False,False,ATTENTIVE
39.373,702,,,unknown,19,0.1146,0,0.0,False,8.53,ALERT,0.1048,0.0,1,0.0,0.0,0.0,0.258,0.126,False,False,False,0,False,False,False,ATTENTIVE
39.454,703,,,unknown,19,0.1146,0,0.0,False,8.52,ALERT,0.1046,0.0,1,0.0,0.0,0.0,0.258,0.126,False,False,False,0,False,False,False,ATTENTIVE
39.497,704,,,unknown,19,0.1146,0,0.0,False,8.52,ALERT,0.1045,0.0,1,0.0,0.0,0.0,0.258,0.126,False,False,False,0,False,False,False,ATTENTIVE
39.541,705,,,unknown,19,0.1146,0,0.0,False,8.52,ALERT,0.1043,0.0,1,0.0,0.0,0.0,0.258,0.126,False,False,False,0,False,False,False,ATTENTIVE
39.613,706,,,unknown,19,0.1146,0,0.0,False,8.52,ALERT,0.1041,0.0,1,0.0,0.0,0.0,0.258,0.126,False,False,False,0,False,False,False,ATTENTIVE
39.641,707,,,unknown,19,0.1146,0,0.0,False,8.51,ALERT,0.104,0.0,1,0.0,0.0,0.0,0.258,0.126,False,False,False,0,False,False,False,ATTENTIVE
39.671,708,,,unknown,19,0.1146,0,0.0,False,8.51,ALERT,0.1039,0.0,1,0.0,0.0,0.0,0.258,0.126,False,False,False,0,False,False,False,ATTENTIVE
39.731,709,,,unknown,19,0.1146,0,0.0,False,8.51,ALERT,0.1037,0.0,1,0.0,0.0,0.0,0.258,0.126,False,False,False,0,False,False,False,ATTENTIVE
39.757,710,,,unknown,19,0.1146,0,0.0,False,8.51,ALERT,0.1036,0.0,1,0.0,0.0,0.0,0.258,0.126,False,False,False,0,False,False,False,ATTENTIVE
39.783,711,,,unknown,19,0.1146,0,0.0,False,8.51,ALERT,0.1036,0.0,1,0.0,0.0,0.0,0.258,0.126,False,False,False,0,False,False,False,ATTENTIVE
39.842,712,,,unknown,19,0.1146,0,0.0,False,8.51,ALERT,0.1034,0.0,1,0.0,0.0,0.0,0.258,0.126,False,False,False,0,False,False,False,ATTENTIVE
39.866,713,,,unknown,19,0.1146,0,0.0,False,8.5,ALERT,0.1033,0.0,1,0.0,0.0,0.0,0.258,0.126,False,False,False,0,False,False,False,ATTENTIVE
39.894,714,,,unknown,19,0.1146,0,0.0,False,8.5,ALERT,0.1032,0.0,1,0.0,0.0,0.0,0.258,0.126,False,False,False,0,False,False,False,ATTENTIVE
39.954,715,,,unknown,19,0.1146,0,0.0,False,8.5,ALERT,0.1031,0.0,1,0.0,0.0,0.0,0.258,0.126,False,False,False,0,False,False,False,ATTENTIVE
39.985,716,,,unknown,19,0.1146,0,0.0,False,8.5,ALERT,0.103,0.0,1,0.0,0.0,0.0,0.258,0.126,False,False,False,0,False,False,False,ATTENTIVE
40.023,717,0.1904,0.3302,closed,19,0.1146,0,0.2,True,8.5,ALERT,0.1029,0.0,1,-2.13,-2.4,3.12,0.258,0.126,True,False,False,0,False,False,False,ATTENTIVE
40.095,718,0.2286,0.3453,open,20,0.1125,0,0.2,True,8.51,ALERT,0.1049,0.0,1,-5.63,2.76,2.54,0.411,0.367,True,False,False,0,False,False,False,ATTENTIVE
40.128,719,0.2495,0.3048,open,20,0.1125,0,0.2,True,8.51,ALERT,0.1048,0.0,1,-7.66,6.37,2.1,0.411,0.367,True,False,False,0,False,False,False,ATTENTIVE
40.176,720,0.26,0.3411,open,20,0.1125,0,0.2,True,8.51,ALERT,0.1046,0.0,1,-7.46,6.76,2.64,0.444,0.437,True,False,False,0,False,False,False,ATTENTIVE
40.234,721,0.2492,0.3586,open,20,0.1125,0,0.2,True,8.5,ALERT,0.1045,0.0,1,-8.66,9.48,2.44,0.444,0.437,True,False,False,0,False,False,False,ATTENTIVE
40.268,722,0.2623,0.4039,open,20,0.1125,0,0.2,True,8.5,ALERT,0.1044,0.0,1,-8.21,10.11,3.28,0.519,0.482,True,False,False,0,False,False,False,ATTENTIVE
40.308,723,0.2669,0.443,open,20,0.1125,0,0.2,True,8.5,ALERT,0.1042,0.0,1,-8.02,10.74,3.55,0.519,0.482,True,False,False,0,False,False,False,ATTENTIVE
40.373,724,0.2636,0.4721,open,20,0.1125,0,0.2,True,8.5,ALERT,0.104,0.0,1,-7.68,11.76,3.79,0.581,0.526,True,False,False,0,False,False,False,ATTENTIVE
40.429,725,0.2285,0.471,open,20,0.1125,0,0.2,True,8.5,ALERT,0.1039,0.0,1,-5.27,11.24,4.43,0.581,0.526,False,False,False,0,False,False,False,ATTENTIVE
40.466,726,0.2379,0.4507,open,20,0.1125,0,0.2,True,8.49,ALERT,0.1038,0.0,1,-5.09,10.71,4.39,0.623,0.641,False,False,False,0,False,False,False,ATTENTIVE
40.551,727,0.2604,0.4517,open,20,0.1125,0,0.2,True,8.49,ALERT,0.1035,0.0,1,-6.89,12.39,4.57,0.623,0.641,False,False,False,0,False,False,False,ATTENTIVE
40.579,728,0.2634,0.3982,open,20,0.1125,0,0.2,True,8.49,ALERT,0.1034,0.0,1,-7.62,12.89,4.69,0.705,0.642,False,False,False,0,False,False,False,ATTENTIVE
40.621,729,0.2476,0.3271,open,20,0.1125,0,0.2,True,8.49,ALERT,0.1033,0.0,1,-6.08,13.1,4.46,0.705,0.642,False,False,False,0,False,False,False,ATTENTIVE
40.718,730,0.2283,0.3475,open,20,0.1125,0,0.2,True,8.48,ALERT,0.1031,0.0,1,-5.75,11.31,3.82,0.699,0.656,False,False,False,0,False,False,False,ATTENTIVE
40.753,731,0.2308,0.3563,open,20,0.1125,0,0.2,True,8.48,ALERT,0.1029,0.0,1,-5.2,11.31,3.52,0.699,0.656,False,False,False,0,False,False,False,ATTENTIVE
40.786,732,0.222,0.2881,open,20,0.1125,0,0.2,True,8.48,ALERT,0.1028,0.0,1,-5.15,10.07,2.52,0.711,0.625,False,False,False,0,False,False,False,ATTENTIVE
41.128,733,0.2908,0.3505,open,20,0.1125,0,0.2,True,8.47,ALERT,0.1019,0.0,1,-5.6,11.19,1.48,0.711,0.625,False,False,False,0,False,False,False,ATTENTIVE
41.214,734,0.2913,0.3177,open,20,0.1125,0,0.2,True,8.46,ALERT,0.1016,0.0,1,-5.41,11.11,1.18,0.753,0.619,False,False,False,0,False,False,False,ATTENTIVE
41.249,735,0.2465,0.3624,open,20,0.1125,0,0.2,True,8.46,ALERT,0.1015,0.0,1,-4.31,9.83,0.6,0.753,0.619,False,False,False,0,False,False,False,ATTENTIVE
41.305,736,0.2333,0.3726,open,20,0.1125,0,0.2,True,8.46,ALERT,0.1014,0.0,1,-4.86,10.1,-0.21,0.759,0.531,False,False,False,0,False,False,False,ATTENTIVE
41.337,737,0.2331,0.4019,open,20,0.1125,0,0.2,True,8.46,ALERT,0.1013,0.0,1,-4.58,11.31,-0.55,0.759,0.531,False,False,False,0,False,False,False,ATTENTIVE
41.393,738,0.2075,0.3709,open,20,0.1125,0,0.2,True,8.46,ALERT,0.1012,0.0,1,-4.54,11.24,-0.64,0.779,0.422,False,False,False,0,False,False,False,ATTENTIVE
41.471,739,0.2327,0.3707,open,20,0.1125,0,0.2,True,8.45,ALERT,0.1009,0.0,1,-4.31,11.38,-0.82,0.779,0.422,False,False,False,0,False,False,False,ATTENTIVE
41.507,740,0.22,0.3813,open,20,0.1125,0,0.2,True,8.45,ALERT,0.1008,0.0,1,-5.34,11.05,-0.96,0.769,0.338,False,False,False,0,False,False,False,ATTENTIVE
41.57,741,0.2341,0.4202,open,20,0.1125,0,0.2,True,8.45,ALERT,0.1007,0.0,1,-5.59,12.11,-0.97,0.769,0.338,False,False,False,0,False,False,False,ATTENTIVE
41.645,742,0.2237,0.4028,open,20,0.1125,0,0.2,True,8.44,ALERT,0.1005,0.0,1,-5.9,12.69,-0.96,0.787,0.279,False,False,False,0,False,False,False,ATTENTIVE
41.676,743,0.2557,0.3966,open,20,0.1125,0,0.2,True,8.44,ALERT,0.1004,0.0,1,-4.68,12.45,-0.54,0.787,0.279,False,False,False,0,False,False,False,ATTENTIVE
41.712,744,0.254,0.418,open,20,0.1125,0,0.2,True,8.44,ALERT,0.1003,0.0,1,-4.03,12.77,-0.26,0.751,0.375,False,False,False,0,False,False,False,ATTENTIVE
41.771,745,0.2213,0.379,open,20,0.1125,0,0.2,True,8.44,ALERT,0.1001,0.0,1,-3.47,12.29,-0.63,0.751,0.375,False,False,False,0,False,False,False,ATTENTIVE
41.84,746,0.2485,0.3913,open,20,0.1125,0,0.2,True,8.44,ALERT,0.0999,0.0,1,-2.46,13.53,-0.74,0.812,0.321,False,False,False,0,False,False,False,ATTENTIVE
41.865,747,0.2513,0.3895,open,20,0.1125,0,0.2,True,8.43,ALERT,0.0998,0.0,1,-1.76,14.12,-0.65,0.812,0.321,False,False,False,0,False,False,False,ATTENTIVE
41.918,748,0.249,0.4073,open,20,0.1125,0,0.2,True,8.43,ALERT,0.0997,0.0,1,-1.22,12.93,-0.93,0.802,0.326,False,False,False,0,False,False,False,ATTENTIVE
41.952,749,0.2566,0.3991,open,20,0.1125,0,0.2,True,8.43,ALERT,0.0996,0.0,1,-1.07,13.08,-1.02,0.802,0.326,False,False,False,0,False,False,False,ATTENTIVE
41.991,750,0.2414,0.3809,open,20,0.1125,0,0.2,True,8.43,ALERT,0.0995,0.0,1,-1.32,12.56,-1.0,0.843,0.248,False,False,False,0,False,False,False,ATTENTIVE
42.058,751,0.2483,0.3718,open,20,0.1125,0,0.2,True,8.43,ALERT,0.0993,0.0,1,-1.37,12.88,-1.18,0.843,0.248,False,False,False,0,False,False,False,ATTENTIVE
42.099,752,0.2102,0.3664,open,20,0.1125,0,0.2,True,8.43,ALERT,0.0992,0.0,1,-1.96,12.36,-1.26,0.878,0.218,False,False,False,0,False,False,False,ATTENTIVE
42.137,753,0.2102,0.3794,open,20,0.1125,0,0.2,True,8.42,ALERT,0.0991,0.0,1,-1.42,11.87,-1.38,0.878,0.218,False,False,False,0,False,False,False,ATTENTIVE
42.199,754,0.1598,0.3379,closed,20,0.1125,0,0.2,True,8.42,ALERT,0.0989,0.0,1,-0.89,11.26,-2.25,0.859,0.452,False,False,False,0,False,False,False,ATTENTIVE
42.23,755,0.1753,0.3009,closed,20,0.1125,0,0.2,True,8.6,ALERT,0.0997,0.0,1,-3.06,9.9,-2.14,0.859,0.452,False,False,False,0,False,False,False,ATTENTIVE
42.257,756,0.1856,0.3041,closed,20,0.1125,0,0.2,True,8.75,ALERT,0.1004,0.0,1,-2.84,9.0,-2.32,0.832,0.457,False,False,False,0,False,False,False,ATTENTIVE
42.327,757,0.2234,0.4491,open,21,0.1149,0,0.2,True,8.49,ALERT,0.1019,0.0,1,-3.44,11.72,-3.32,0.832,0.457,False,False,False,0,False,False,False,ATTENTIVE
42.357,758,0.2274,0.4442,open,21,0.1149,0,0.2,True,8.49,ALERT,0.1018,0.0,1,-3.26,12.18,-3.44,0.803,0.567,False,False,False,0,False,False,False,ATTENTIVE
42.386,759,0.2039,0.3868,closed,21,0.1149,0,0.2,True,8.48,ALERT,0.1018,0.0,1,-6.62,13.69,-4.72,0.803,0.567,False,False,False,0,False,False,False,ATTENTIVE
42.437,760,0.1795,0.374,closed,21,0.1149,0,0.2,True,8.76,ALERT,0.103,0.0,1,-8.29,14.47,-5.71,0.857,0.397,False,False,False,0,False,False,False,ATTENTIVE
42.466,761,0.1508,0.4752,closed,21,0.1149,0,0.2,True,8.91,ALERT,0.1037,0.0,1,-6.91,15.46,-6.18,0.857,0.397,False,False,False,0,False,False,False,ATTENTIVE
42.498,762,0.1503,0.4135,closed,21,0.1149,0,0.2,True,9.06,ALERT,0.1043,0.0,1,-6.9,16.14,-6.34,0.9,0.578,False,False,False,0,False,False,False,ATTENTIVE
42.553,763,0.182,0.3865,closed,21,0.1149,0,0.2,True,9.36,ALERT,0.1057,0.0,1,-6.44,15.73,-6.07,0.9,0.578,False,False,False,0,False,False,False,ATTENTIVE
42.586,764,0.1732,0.3652,closed,21,0.1149,0,0.2,True,9.54,ALERT,0.1065,0.0,1,-6.66,16.04,-6.24,0.93,0.405,False,False,False,0,False,False,False,ATTENTIVE
42.624,765,0.2047,0.326,open,22,0.1237,0,0.2,True,8.64,ALERT,0.1073,0.0,1,-8.07,16.31,-6.47,0.93,0.405,False,False,False,0,False,False,False,ATTENTIVE
